path	person	bird	cat	dog	horse	sheep	cow	elephant	bear	zebra	giraffe
dataset/000000262145.jpg	[387.0,71.1,145.0,322.0;494.31,91.04,11.7,16.16;282.37,86.79,32.16,97.02;526.17,44.14,90.5,188.0;491.51,81.19,40.46,85.34;477.88,87.8,13.7,33.4;308.98,76.76,49.89,148.73;71.97,104.59,59.49,144.89;352.59,136.15,28.15,30.84;52.18,98.34,21.89,33.75;40.18,94.65,13.95,22.55;3.3,121.27,83.24,124.52;153.18,61.92,106.78,117.82;26,64,613,126]	[]	[]	[]	[]	[]	[]	[]	[]	[]	[]
dataset/000000262146.jpg	[220.99,263.96,143.49,210.95]	[]	[]	[]	[]	[]	[]	[]	[]	[]	[]
dataset/000000524291.jpg	[1,0.96,133.07,204.86]	[]	[]	[279.7,148.88,348.54,272.82;1,231.78,285.83,109.94]	[]	[]	[]	[]	[]	[]	[]
dataset/000000262148.jpg	[250.9,67.1,155.42,277.23;225.56,251.36,29.17,96.54;203.38,246.99,30.5,101.26;149.14,252.35,21.37,95.75;170.28,255.42,33.37,92.05;420.26,254.19,28.85,88.67;451.83,251.07,28.78,91.99;390.44,257.61,25.39,87.59;294.35,251.15,31.64,93.84;320.54,251.69,20.35,82.46;477.28,262.55,14.37,79.0;357.55,305.37,31.94,44.01;253.52,245.37,18.78,100.16;378,247,106,105]	[]	[]	[]	[]	[]	[]	[]	[]	[]	[]
dataset/000000393223.jpg	[2.16,1.98,566.29,478.02]	[]	[]	[]	[]	[]	[]	[]	[]	[]	[]
dataset/000000393224.jpg	[1.44,37.39,424.27,602.61;68.42,124.92,69.7,104.07;3.51,173.18,90.95,109.35;1,130.16,72.07,67.96;350.97,163.03,76.03,246.96]	[]	[]	[]	[]	[]	[]	[]	[]	[]	[]
dataset/000000524297.jpg	[376.07,114.71,93.06,240.85;177.67,105.71,106.05,228.78;329.7,140.59,9.02,26.19]	[]	[]	[]	[]	[]	[]	[]	[276.45,202.62,103.87,147.49]	[]	[]
dataset/000000393227.jpg	[22.96,175.07,253.99,357.31]	[]	[]	[]	[]	[]	[]	[]	[]	[]	[]
dataset/000000131084.jpg	[220.18,64.14,158.91,236.45]	[]	[]	[]	[]	[]	[]	[]	[]	[]	[]
dataset/000000393230.jpg	[354.5,134.39,103.85,160.87]	[]	[]	[]	[]	[]	[]	[]	[]	[]	[]
dataset/000000262161.jpg	[505.91,9.62,23.08,33.66;483.26,13.8,11.89,23.15;30.84,14.22,15.68,34.07;59.28,12.0,12.73,20.27;1,79.83,37.51,67.33;590.04,4.37,16.23,46.19;1,14.37,14.68,37.74;49.04,13.61,11.99,24.18;385.5,13.14,13.99,20.98;8.69,14.39,20.21,37.31;494.3,13.12,6.66,22.56;565.34,16.96,7.35,19.27;338.8,7.05,34.79,36.79;24,1,615,126]	[]	[]	[]	[]	[]	[]	[]	[]	[]	[]
dataset/000000131089.jpg	[150.57,109.27,141.91,317.73]	[]	[]	[]	[]	[]	[]	[]	[]	[]	[]
dataset/000000524311.jpg	[270.88,154.67,215.62,319.64]	[]	[]	[]	[]	[]	[]	[]	[]	[]	[]
dataset/000000393241.jpg	[52.28,92.97,177.16,333.03;477.46,296.77,62.65,64.89;518.0,298.17,34.29,65.28;428.47,296.85,45.84,67.5;544.09,215.85,42.95,108.63;586.4,219.93,44.01,105.92;546.13,305.23,54.21,58.44;153.17,297.72,57.44,66.06;428.87,219.22,68.93,116.79;245.08,80.67,274.53,338.7;614.66,302.99,25.34,59.39;1,195.11,190.08,156.23;163.76,245.39,40.52,71.3]	[]	[]	[]	[]	[]	[]	[]	[]	[]	[]
dataset/000000524314.jpg	[274.46,237.14,174.65,161.22;91.37,42.99,91.37,290.46]	[]	[]	[]	[]	[]	[]	[]	[]	[]	[]
dataset/000000393243.jpg	[23.01,0.3,456.84,639.7]	[]	[]	[]	[]	[]	[]	[]	[]	[]	[]
dataset/000000262171.jpg	[399.78,221.53,18.64,62.56;384.36,235.25,22.41,56.58;259.68,268.53,74.99,48.66;461.84,237.92,38.64,63.03;514.29,234.19,47.55,68.41;442.73,225.88,24.85,74.54;136.91,252.82,36.63,22.12]	[]	[]	[]	[]	[]	[]	[]	[]	[]	[]
dataset/000000131101.jpg	[198.47,171.15,256.0,460.22;61.26,253.03,13.62,43.53;47.13,244.72,16.98,50.57]	[]	[]	[]	[]	[]	[]	[]	[]	[]	[]
dataset/000000524317.jpg	[1.12,43.82,347.19,449.44]	[]	[]	[]	[]	[]	[]	[]	[]	[]	[]
dataset/000000262175.jpg	[108.68,185.24,333.88,454.48]	[]	[]	[]	[]	[]	[]	[]	[]	[]	[]
dataset/000000524320.jpg	[1.32,98.29,307.03,481.72;237.3,359.31,205.67,271.82;312.79,94.41,167.21,224.87]	[]	[]	[]	[]	[]	[]	[]	[]	[]	[]
dataset/000000393251.jpg	[1.91,74.39,240.26,461.96;170.95,316.16,288.45,217.7;369.98,245.83,45.8,72.9;268.32,261.78,25.27,35.51;347.8,263.99,23.3,28.12;404.49,247.18,13.79,26.33;460.94,249.74,19.06,78.17;316.46,263.0,35.03,45.65;282.05,259.81,40.85,60.02]	[]	[]	[]	[]	[]	[]	[]	[]	[]	[]
dataset/000000131108.jpg	[609.03,263.57,4.05,14.96]	[]	[]	[]	[]	[]	[]	[]	[]	[]	[]
dataset/000000524325.jpg	[357.76,305.59,18.87,53.48;276.78,312.46,15.37,54.53;241.6,312.58,16.66,54.49;226.79,314.76,16.28,52.37;203.74,314.21,19.6,53.73;137.84,332.22,8.92,11.5;303.13,308.86,15.04,56.12;323.5,306.9,17.42,55.42;290.56,311.76,10.95,24.34;259.54,311.87,10.99,17.7;177.35,294.13,5.32,11.92;462.66,310.71,9.74,14.61;61.39,335.5,10.4,13.12;3,269,496,103]	[]	[]	[]	[]	[]	[]	[]	[]	[]	[]
dataset/000000000036.jpg	[167.58,162.89,310.61,465.19]	[]	[]	[]	[]	[]	[]	[]	[]	[]	[]
dataset/000000131115.jpg	[170.76,181.14,201.8,205.25;346.57,149.59,41.57,30.36;161.7,146.02,62.74,116.47;143.51,62.98,93.79,89.53;298.86,71.54,41.12,30.46;59.46,16.68,28.54,58.58;288.95,146.57,38.17,35.23;369.33,55.78,219.29,307.78;565.81,75.4,73.1,67.37;504.03,74.82,22.58,45.15;7.66,121.28,170.43,268.43;612.42,57.66,27.58,64.2;250.79,69.15,99.93,61.93;1,1,638,215]	[]	[]	[]	[]	[]	[]	[]	[]	[]	[]
dataset/000000524333.jpg	[238.64,273.4,202.32,206.6;103.56,239.28,220.23,149.14;225.02,244.74,104.56,121.25;383.55,254.75,57.24,105.45;440.31,253.98,82.09,111.9;1.08,249.17,91.68,224.36;403.42,241.37,25.33,38.34;285.32,243.87,32.52,48.79;560.52,245.23,79.48,234.5;445.48,266.25,145.62,204.94;493.94,238.95,32.49,35.4;229.75,249.17,29.13,46.38;311.88,241.75,47.43,106.93]	[]	[]	[]	[]	[]	[]	[]	[]	[]	[]
dataset/000000262191.jpg	[389.28,243.81,41.77,100.05;341.62,249.89,26.85,22.16]	[]	[]	[]	[]	[]	[]	[]	[]	[]	[]
dataset/000000000049.jpg	[203.39,260.43,65.69,73.04;118.43,261.32,56.91,62.93;119.34,334.21,11.94,33.57;284.34,333.4,10.88,27.43;191.0,334.37,7.16,23.41;346.76,333.4,14.8,9.22]	[]	[]	[]	[162.57,226.56,130.41,184.43;81.7,244.94,83.71,158.2]	[]	[]	[]	[]	[]	[]
dataset/000000524338.jpg	[224.36,58.07,121.89,380.76;616.6,155.6,10.14,19.46;591.94,155.8,8.96,18.41]	[]	[]	[]	[]	[]	[]	[]	[]	[]	[]
dataset/000000393267.jpg	[226.93,518.33,177.08,121.67;288.01,475.76,136.99,164.24;202.14,405.53,222.32,134.35;297.62,410.13,67.79,54.07;235.58,261.85,176.75,252.28;297.32,233.6,87.8,162.37;296.45,158.5,112.93,258.52;16.2,174.49,158.79,362.94;261.75,1.44,96.36,142.38;287.0,110.36,110.18,130.21;366.11,34.48,58.89,112.48;214.29,83.42,70.47,169.7;273.34,128.13,33.96,134.5]	[]	[]	[]	[]	[]	[]	[]	[]	[]	[]
dataset/000000393268.jpg	[153.17,1,143.46,469.21;432.53,120.51,91.6,337.86;386.16,278.29,72.27,186.61;294.06,287.97,69.01,111.45;515.53,277.65,49.81,90.71]	[]	[]	[]	[]	[]	[]	[]	[]	[]	[]
dataset/000000262197.jpg	[49.71,336.05,26.7,75.86;196.28,351.94,12.34,17.76;208.44,343.57,11.28,28.78;22.68,338.56,18.55,35.38;176.95,343.81,8.27,27.83;38.13,340.2,12.64,20.44;183.59,342.85,16.03,30.69]	[]	[]	[]	[]	[]	[]	[]	[]	[]	[]
dataset/000000393271.jpg	[346.25,176.9,112.18,249.17;250.44,175.68,46.24,119.65;68.62,164.04,38.89,67.21;22.61,168.06,33.51,48.02;0.92,154.63,4.55,12.42;180.27,168.96,56.85,80.7;4.73,161.03,7.09,24.66;127.98,162.61,40.15,75.29]	[]	[]	[]	[]	[]	[]	[]	[]	[]	[]
dataset/000000262200.jpg	[54.44,86.6,223.39,293.2;215.87,41.38,117.05,186.0;121.51,1,139.74,93.24;1,13.72,612.0,590.05;290.9,1,321.1,282.95]	[]	[]	[]	[]	[]	[]	[]	[]	[]	[]
dataset/000000131127.jpg	[3.86,57.59,579.29,363.39;365.22,57.99,190.93,292.37;7.03,130.09,67.82,86.28;1,80.09,107.63,346.91]	[]	[]	[]	[]	[]	[]	[]	[]	[]	[]
dataset/000000000061.jpg	[261.2,205.92,48.08,57.24;393.39,210.34,32.53,39.74;261.54,196.57,34.21,54.18]	[]	[]	[]	[]	[]	[]	[370.11,248.9,83.09,47.64;223.25,250.1,141.92,77.71]	[]	[]	[]
dataset/000000262207.jpg	[127.5,41.14,18.19,29.02;203.75,56.88,88.75,278.75]	[]	[]	[]	[]	[]	[]	[]	[]	[]	[]
dataset/000000393284.jpg	[169.93,210.51,129.94,125.56]	[]	[]	[]	[]	[]	[]	[]	[]	[]	[]
dataset/000000000074.jpg	[295.55,93.96,18.42,58.83;326.94,97.05,13.55,25.93;356.62,95.47,15.71,52.08;462.08,105.09,31.66,41.9;277.11,103.84,15.33,46.88;282.65,103.41,11.69,24.25]	[]	[]	[61.87,276.25,296.42,103.18]	[]	[]	[]	[]	[]	[]	[]
dataset/000000393290.jpg	[1.37,146.88,304.9,482.06]	[]	[]	[]	[]	[]	[]	[]	[]	[]	[]
dataset/000000262221.jpg	[120.1,235.49,100.19,280.29;271.82,122.25,132.31,175.46]	[]	[]	[]	[]	[]	[]	[]	[]	[]	[]
dataset/000000524366.jpg	[193.28,241.81,59.21,59.21]	[]	[]	[]	[]	[]	[]	[]	[]	[]	[]
dataset/000000000077.jpg	[216.04,56.31,103.45,118.93;320.73,53.73,94.63,97.28;24.83,167.53,97.0,165.41;286.32,101.29,24.7,41.72;266.35,58.18,22.93,82.52]	[]	[]	[]	[]	[]	[]	[]	[]	[]	[]
dataset/000000131152.jpg	[226.53,113.75,76.15,111.82;290.81,131.64,128.49,127.53;109.27,142.54,28.31,25.93;452.14,133.8,55.58,26.9;438.22,168.52,21.43,14.82]	[]	[]	[]	[]	[]	[]	[]	[]	[]	[]
dataset/000000524373.jpg	[594.7,306.97,12.59,28.98;546.06,279.9,8.83,27.84]	[]	[]	[]	[]	[]	[]	[]	[]	[195.16,336.65,48.26,33.57]	[378.41,115.69,105.9,346.13;110.04,269.81,23.66,87.3]
dataset/000000262229.jpg	[63.85,104.93,192.48,282.06;258.28,96.72,244.67,301.07;442.19,33.43,106.97,325.67;175.03,69.11,231.06,312.2]	[]	[]	[]	[]	[]	[]	[]	[]	[]	[]
dataset/000000000086.jpg	[152.11,183.1,129.15,375.97]	[]	[]	[]	[]	[]	[]	[]	[]	[]	[]
dataset/000000425988.jpg	[]	[265.6,166.27,242.04,173.49;186.62,95.27,187.68,220.74]	[]	[]	[]	[]	[]	[]	[]	[]	[]
dataset/000000040971.jpg	[]	[260.44,159.03,228.04,181.55]	[]	[]	[]	[]	[]	[]	[]	[]	[]
dataset/000000434190.jpg	[]	[223.04,64.79,210.26,131.03;159.22,152.34,132.37,238.11]	[]	[]	[]	[]	[]	[]	[]	[]	[]
dataset/000000270351.jpg	[]	[280.21,340.32,76.56,76.51;496.67,334.2,80.3,85.62;0.15,340.87,88.53,71.4]	[]	[]	[]	[]	[]	[]	[]	[]	[]
dataset/000000229396.jpg	[403.83,318.23,24.62,43.39]	[240.1,157.61,16.58,9.91]	[]	[]	[]	[]	[]	[336.05,316.01,54.08,52.79;464.52,283.01,82.84,100.43;438.39,285.14,35.26,89.74;347.89,292.98,50.78,69.34]	[]	[]	[]
dataset/000000466965.jpg	[]	[52.08,126.28,267.23,505.69;215.97,11.31,71.11,122.38]	[]	[]	[]	[]	[]	[]	[]	[]	[]
dataset/000000016408.jpg	[]	[218.2,140.58,158.3,134.05]	[]	[]	[]	[]	[]	[]	[]	[]	[]
dataset/000000401434.jpg	[]	[18.63,118.1,461.26,294.43]	[]	[]	[]	[]	[]	[]	[]	[]	[]
dataset/000000106525.jpg	[113.26,114.46,526.74,359.19]	[377.81,164.39,170.32,157.93]	[]	[0.97,25.05,243.39,448.0]	[]	[]	[]	[]	[]	[]	[]
dataset/000000303133.jpg	[]	[81.03,83.01,316.94,134.46]	[]	[]	[]	[]	[]	[]	[]	[]	[]
dataset/000000417823.jpg	[]	[333.34,75.53,125.8,331.5;1.83,0.52,120.05,148.88;378.06,22.07,139.14,223.57]	[]	[]	[]	[]	[]	[]	[]	[]	[]
dataset/000000344096.jpg	[]	[273.28,107.1,72.26,113.81]	[]	[]	[]	[]	[]	[]	[]	[]	[]
dataset/000000475169.jpg	[113.32,89.8,40.25,120.74;163.39,94.96,47.04,116.8;216.72,118.1,16.09,60.59;248.85,148.7,9.18,25.15]	[240.97,349.85,65.15,31.81;204.44,327.5,66.3,36.29;75.9,322.68,53.35,38.85;68.82,345.94,25.69,25.7;247.1,234.39,14.2,17.37;28.85,243.46,34.28,13.28;117.99,237.7,22.57,14.78;155.88,243.8,20.33,14.49;243.56,303.84,35.24,33.41;170.72,304.1,26.47,21.67;167.22,278.73,29.23,17.21;270.99,344.14,54.49,20.97;190.48,235.92,9.88,13.75;207.08,285.01,21.35,24.76;88.78,245.97,24.83,7.8;218.14,300.62,44.32,16.88;0.9,317.3,60.66,46.07;1,234,332,135]	[]	[]	[]	[]	[]	[]	[]	[]	[]
dataset/000000188454.jpg	[]	[282.57,182.25,257.72,154.63]	[]	[]	[]	[]	[]	[]	[]	[]	[]
dataset/000000573479.jpg	[]	[321.24,145.38,235.66,230.96]	[]	[]	[]	[]	[]	[]	[]	[]	[]
dataset/000000573484.jpg	[]	[265.82,11.71,328.89,407.29;291.05,157.91,92.81,249.6;209.05,162.19,82.0,246.9;143.13,151.7,70.76,168.79;38.09,167.92,121.05,239.9;59.92,170.03,125.79,248.97;1,233.3,61.42,185.7;236.18,154.96,106.95,264.04;160.47,151.16,102.91,236.23]	[]	[]	[]	[]	[]	[]	[]	[]	[]
dataset/000000057390.jpg	[]	[192.65,66.79,389.58,297.96]	[]	[]	[]	[]	[]	[]	[]	[]	[]
dataset/000000221232.jpg	[92.13,1,311.88,427.62]	[142.92,200.78,235.29,208.3]	[]	[]	[]	[]	[]	[]	[]	[]	[]
dataset/000000581686.jpg	[]	[272.37,263.23,138.92,161.77;402.15,255.0,201.08,165.43]	[]	[]	[]	[]	[]	[]	[]	[]	[]
dataset/000000335929.jpg	[]	[246.98,91.17,101.88,210.13;402.52,85.89,97.67,211.76]	[]	[]	[]	[]	[]	[]	[]	[]	[]
dataset/000000262201.jpg	[]	[310.25,204.96,29.25,54.48]	[]	[]	[]	[]	[]	[]	[]	[]	[]
dataset/000000303163.jpg	[]	[317.44,153.75,3.82,4.08;324.5,212.73,8.59,7.01;343.51,145.1,9.59,6.92;325.36,142.41,6.29,3.44;379.68,190.22,5.8,4.09;370.99,203.73,3.37,4.02;364.52,224.51,5.61,4.34;370.6,244.8,5.69,4.82;173.51,233.45,4.14,3.13;185.07,211.69,3.23,4.52;383.24,147.62,5.35,4.45;351.88,238.91,3.77,3.07;310.98,162.84,3.1,3.62;168,140,261,110]	[]	[]	[]	[]	[]	[]	[]	[]	[]
dataset/000000262204.jpg	[]	[387.23,153.66,8.25,7.21;272.45,149.4,23.85,13.04]	[]	[]	[]	[]	[]	[169.44,124.45,281.45,161.78;128.92,214.63,56.94,40.67]	[]	[]	[]
dataset/000000254009.jpg	[]	[178.63,399.72,15.98,11.03;123.37,398.99,18.72,11.27;103.72,394.64,14.5,11.98;264.92,391.35,20.74,8.72]	[]	[]	[]	[]	[]	[]	[]	[]	[177.58,250.5,78.69,139.13;79.6,235.06,100.24,108.82;394.45,206.62,136.93,133.83]
dataset/000000442431.jpg	[]	[7.2,48.31,66.1,46.01;257.81,0.39,104.1,80.53;448.48,377.85,17.67,10.56]	[]	[]	[]	[]	[]	[]	[]	[]	[]
dataset/000000172096.jpg	[]	[102.02,512.01,52.43,72.13]	[38.23,130.08,441.77,500.36]	[]	[]	[]	[]	[]	[]	[]	[]
dataset/000000163908.jpg	[]	[255.83,89.2,125.16,332.22]	[]	[]	[]	[]	[]	[]	[]	[]	[]
dataset/000000581702.jpg	[]	[93.95,176.98,457.75,265.47]	[]	[]	[]	[]	[]	[]	[]	[]	[]
dataset/000000139334.jpg	[]	[176.38,187.66,157.24,126.99;317.2,123.66,174.2,162.36;209.85,158.1,66.38,56.75;110.75,279.57,70.97,58.06;202.91,308.74,74.17,50.34;283.5,317.13,49.58,37.5;332.63,320.04,56.38,45.33;217.04,302.47,83.54,40.19;267.65,330.92,17.51,16.18]	[]	[]	[]	[]	[]	[]	[]	[]	[]
dataset/000000450631.jpg	[]	[187.31,47.53,98.55,147.47]	[]	[]	[]	[]	[]	[]	[]	[]	[]
dataset/000000524361.jpg	[]	[73.76,100.97,288.6,205.53]	[]	[]	[]	[]	[]	[]	[]	[]	[]
dataset/000000393292.jpg	[]	[264.87,253.96,52.18,58.7;308.77,190.77,92.31,61.94]	[]	[]	[]	[]	[]	[]	[]	[]	[]
dataset/000000499789.jpg	[]	[50.9,355.96,42.14,35.37;138.84,356.6,39.04,32.59;172.24,375.08,21.03,20.54;322.76,360.68,20.44,38.75;26.26,353.05,10.43,35.06]	[]	[]	[]	[]	[24.0,188.94,41.08,28.26]	[]	[]	[]	[16.37,200.86,252.69,219.59;160.69,161.51,46.49,52.97;1,127.61,19.17,89.14;99.67,160.21,17.29,36.88]
dataset/000000548943.jpg	[]	[175.0,117.97,133.6,97.33]	[]	[]	[]	[]	[]	[]	[]	[]	[]
dataset/000000565332.jpg	[]	[269.15,156.36,25.66,39.45]	[]	[]	[]	[]	[]	[]	[]	[320.02,150.88,221.81,130.64;192.92,227.29,89.19,79.32;30.45,227.35,178.53,95.48]	[]
dataset/000000491606.jpg	[]	[448.18,241.42,27.27,83.0]	[]	[]	[]	[]	[61.67,110.08,338.16,230.23]	[]	[]	[]	[]
dataset/000000082007.jpg	[]	[219.19,201.14,151.36,165.77]	[]	[]	[]	[]	[]	[]	[]	[]	[]
dataset/000000532568.jpg	[]	[235.23,139.7,2.98,2.52;244.29,135.44,6.26,5.33;232.81,123.35,2.32,4.32;424.63,158.99,4.38,2.92;405.03,174.77,3.74,3.18;394.6,170.79,1.7,3.3;377.32,176.43,4.69,2.43;370.72,172.53,2.6,2.71;219.49,187.53,4.61,4.06;240.52,196.63,4.7,3.6;234.69,165.72,3.96,3.18;224.41,125.42,4.07,3.82;253.71,150.95,4.24,3.21;395.75,131.08,2.57,2.76;187.08,123.16,3.68,2.71;159.56,229.05,2.8,2.62;377.87,208.76,2.41,2.67;229.2,158.69,2.25,1.88;1,47,499,232]	[]	[]	[]	[]	[]	[]	[]	[]	[]
dataset/000000426073.jpg	[]	[286.2,153.76,190.98,101.54;126.67,136.0,140.13,165.15]	[]	[]	[]	[]	[]	[]	[]	[]	[]
dataset/000000516186.jpg	[]	[178.16,287.93,120.6,339.9]	[]	[]	[]	[]	[]	[]	[]	[]	[]
dataset/000000368731.jpg	[]	[442.39,147.04,80.43,119.47;209.02,127.49,106.49,152.32]	[]	[]	[]	[]	[]	[]	[]	[]	[]
dataset/000000172123.jpg	[]	[226.1,106.74,337.08,142.31]	[]	[]	[]	[]	[]	[]	[]	[]	[]
dataset/000000458846.jpg	[]	[126.97,169.51,5.72,7.24;140.33,168.48,3.91,8.23;407.35,212.3,10.17,11.03;392.32,211.88,9.07,7.96;321.55,202.25,6.72,4.64;341.5,202.62,8.43,9.25;429.13,217.5,10.97,9.02;169.79,169.89,7.49,9.56;149.74,167.68,6.51,9.91;158.61,169.56,7.73,8.59;185.39,171.36,5.31,6.13;195.53,171.67,6.47,6.65;279.12,177.61,8.25,6.91;201,171,264,59]	[]	[]	[]	[]	[]	[]	[]	[]	[]
dataset/000000557150.jpg	[]	[272.93,12.37,41.93,40.39;241.52,1.07,29.12,20.75;340.85,50.52,171.51,162.87]	[]	[]	[]	[137.56,163.3,200.71,241.0;335.17,148.45,213.11,163.45]	[]	[]	[]	[]	[]
dataset/000000180324.jpg	[]	[391.19,245.75,76.04,68.71;176.81,255.98,47.64,65.96]	[]	[]	[]	[]	[]	[]	[]	[]	[]
dataset/000000409701.jpg	[]	[275.19,73.59,111.08,198.82;6.32,9.09,199.29,130.52;360.3,24.28,275.35,259.12;141.35,30.63,185.75,118.09]	[]	[]	[]	[]	[]	[]	[]	[]	[]
dataset/000000082021.jpg	[]	[20.13,27.87,617.03,328.26]	[]	[]	[]	[]	[]	[]	[]	[]	[]
dataset/000000286823.jpg	[]	[331.94,122.35,63.07,96.7]	[]	[]	[]	[]	[]	[]	[]	[]	[]
dataset/000000286720.jpg	[]	[]	[176.17,181.68,199.57,181.67]	[]	[]	[]	[]	[]	[]	[]	[]
dataset/000000073729.jpg	[]	[]	[0.92,0.92,560.15,280.99]	[]	[]	[]	[]	[]	[]	[]	[]
dataset/000000417802.jpg	[]	[]	[238.44,64.02,220.83,325.53]	[]	[]	[]	[]	[]	[]	[]	[]
dataset/000000229387.jpg	[]	[]	[40.17,181.96,599.83,251.32]	[]	[]	[]	[]	[]	[]	[]	[]
dataset/000000532491.jpg	[]	[]	[150.27,38.48,338.12,383.02]	[]	[]	[]	[]	[]	[]	[]	[]
dataset/000000196619.jpg	[]	[]	[1.08,232.26,305.37,260.21]	[]	[]	[]	[]	[]	[]	[]	[]
dataset/000000303116.jpg	[]	[]	[166.54,335.83,203.7,286.28]	[]	[]	[]	[]	[]	[]	[]	[]
dataset/000000196623.jpg	[426.07,196.31,213.93,278.3]	[]	[198.37,49.44,441.63,425.52]	[]	[]	[]	[]	[]	[]	[]	[]
dataset/000000565258.jpg	[]	[]	[139.3,94.94,500.7,217.92]	[]	[]	[]	[]	[]	[]	[]	[]
dataset/000000458762.jpg	[]	[]	[7.7,5.6,405.3,420.89;376.48,175.09,221.78,251.91]	[]	[]	[]	[]	[]	[]	[]	[]
dataset/000000057362.jpg	[216.4,57.22,112.9,110.21;50.26,84.12,117.24,248.88]	[]	[375.34,16.87,121.29,195.92]	[]	[]	[]	[]	[]	[]	[]	[]
dataset/000000294943.jpg	[243.29,1,183.72,370.53]	[]	[122.58,191.69,143.55,165.32]	[]	[]	[]	[]	[]	[]	[]	[]
dataset/000000122913.jpg	[]	[]	[63.09,61.5,160.93,178.5]	[]	[]	[]	[]	[]	[]	[]	[]
dataset/000000311331.jpg	[]	[]	[175.12,328.27,23.36,43.39]	[]	[]	[]	[]	[]	[]	[]	[]
dataset/000000376868.jpg	[]	[]	[264.09,91.15,74.76,104.9]	[]	[]	[]	[]	[]	[]	[]	[]
dataset/000000114726.jpg	[]	[]	[211.97,13.49,234.49,170.44]	[]	[]	[]	[]	[]	[]	[]	[]
dataset/000000434214.jpg	[48.82,131.06,147.75,262.44]	[]	[316.94,240.04,196.93,130.51;187.07,181.12,137.27,94.75;175.32,361.59,340.9,165.58;145.76,296.76,137.2,124.82]	[]	[]	[]	[]	[]	[]	[]	[]
dataset/000000188459.jpg	[]	[]	[195.52,22.69,444.48,432.41]	[]	[]	[]	[]	[]	[]	[]	[]
dataset/000000466988.jpg	[]	[]	[1.85,128.2,477.69,297.8]	[]	[]	[]	[]	[]	[]	[]	[]
dataset/000000434222.jpg	[322.41,278.27,316.65,143.93]	[]	[1,224.56,275.05,117.33]	[]	[]	[]	[]	[]	[]	[]	[]
dataset/000000032816.jpg	[]	[]	[271.03,216.72,366.21,255.52]	[]	[]	[]	[]	[]	[]	[]	[]
dataset/000000409652.jpg	[]	[]	[1,14.75,361.48,606.15]	[]	[]	[]	[]	[]	[]	[]	[]
dataset/000000524340.jpg	[]	[]	[170.67,248.7,243.61,331.7;4.88,61.22,353.51,142.81]	[]	[]	[]	[]	[]	[]	[]	[]
dataset/000000442422.jpg	[]	[]	[125.81,101.61,150.8,161.29;236.8,147.9,147.9,181.84]	[]	[]	[]	[]	[]	[]	[]	[]
dataset/000000196664.jpg	[]	[]	[10.32,85.68,515.1,277.67]	[]	[]	[]	[]	[]	[]	[]	[]
dataset/000000155707.jpg	[]	[]	[25.33,28.25,296.15,419.88]	[]	[]	[]	[]	[]	[]	[]	[]
dataset/000000360510.jpg	[]	[]	[261.5,259.76,123.44,83.21]	[]	[]	[]	[]	[]	[]	[]	[]
dataset/000000180287.jpg	[]	[]	[1.9,1,638.1,394.48]	[]	[]	[]	[]	[]	[]	[]	[]
dataset/000000335940.jpg	[]	[]	[1,80.41,468.75,273.98]	[]	[]	[]	[]	[]	[]	[]	[]
dataset/000000122953.jpg	[]	[]	[309.19,224.04,118.45,159.59]	[]	[]	[]	[]	[]	[]	[]	[]
dataset/000000540750.jpg	[]	[]	[159.31,316.72,100.73,67.84]	[]	[]	[]	[]	[]	[]	[]	[]
dataset/000000458832.jpg	[]	[]	[301.99,12.3,193.13,206.04]	[]	[]	[]	[]	[]	[]	[]	[]
dataset/000000581717.jpg	[]	[]	[108.33,102.7,347.5,258.46]	[]	[]	[]	[]	[]	[]	[]	[]
dataset/000000163928.jpg	[]	[]	[109.21,100.42,323.69,126.09]	[]	[]	[]	[]	[]	[]	[]	[]
dataset/000000442457.jpg	[]	[]	[10.58,2.4,628.0,369.3]	[]	[]	[]	[]	[]	[]	[]	[]
dataset/000000344154.jpg	[2.16,84.13,271.82,326.84]	[]	[56.09,58.25,508.04,261.03]	[]	[]	[]	[]	[]	[]	[]	[]
dataset/000000114776.jpg	[]	[]	[26.18,253.19,45.9,27.1]	[]	[]	[]	[]	[]	[]	[]	[]
dataset/000000254045.jpg	[]	[]	[57.27,23.05,269.17,562.68]	[]	[]	[]	[]	[]	[]	[]	[]
dataset/000000516194.jpg	[]	[]	[120.81,87.73,441.53,514.88]	[89.21,147.39,134.47,265.05]	[]	[]	[]	[]	[]	[]	[]
dataset/000000155749.jpg	[]	[]	[33.03,1,342.71,628.57;328.97,188.78,147.12,333.47]	[]	[]	[]	[]	[]	[]	[]	[]
dataset/000000295016.jpg	[]	[]	[26.15,81.2,439.05,381.25]	[]	[]	[]	[]	[]	[]	[]	[]
dataset/000000295017.jpg	[]	[]	[34.41,250.27,342.11,263.82]	[]	[]	[]	[]	[]	[]	[]	[]
dataset/000000409707.jpg	[326.49,184.32,76.75,164.33;230.63,194.66,86.37,151.34]	[]	[189.94,71.23,216.77,174.45]	[]	[]	[]	[]	[]	[]	[]	[]
dataset/000000335982.jpg	[]	[]	[161.29,69.91,159.68,300.0]	[]	[]	[]	[]	[]	[]	[]	[]
dataset/000000319601.jpg	[]	[]	[46.96,63.13,566.64,239.44]	[]	[]	[]	[]	[]	[]	[]	[]
dataset/000000385139.jpg	[]	[]	[101.0,50.99,363.51,365.19]	[]	[]	[]	[]	[]	[]	[]	[]
dataset/000000057460.jpg	[]	[]	[25.81,151.74,614.19,302.45]	[]	[]	[]	[]	[]	[]	[]	[]
dataset/000000426101.jpg	[]	[]	[31.05,1.17,302.95,366.17]	[]	[]	[]	[]	[]	[]	[]	[]
dataset/000000098304.jpg	[]	[]	[]	[263.87,216.88,21.13,15.17]	[]	[]	[]	[]	[]	[]	[]
dataset/000000204800.jpg	[]	[]	[]	[50.67,432.64,261.41,207.33;229.85,87.05,200.95,320.69]	[]	[]	[]	[]	[]	[]	[]
dataset/000000311301.jpg	[147.16,77.91,337.59,229.87;299.41,69.05,57.58,61.41;388.61,0.8,65.37,39.65]	[]	[]	[1,271.18,229.6,156.82]	[]	[]	[]	[]	[]	[]	[]
dataset/000000491525.jpg	[161.77,200.27,309.7,253.65]	[]	[]	[246.28,166.76,285.87,307.12]	[]	[]	[]	[]	[]	[]	[]
dataset/000000147471.jpg	[188.58,88.89,147.31,160.55;197.64,109.38,255.91,206.92]	[]	[]	[100.06,149.4,85.66,191.48]	[]	[]	[]	[]	[]	[]	[]
dataset/000000131087.jpg	[]	[]	[]	[151.81,251.56,79.83,30.85]	[]	[]	[]	[]	[]	[]	[]
dataset/000000278550.jpg	[294.44,142.48,16.35,22.69]	[]	[]	[12.47,82.61,107.86,62.35]	[]	[]	[]	[]	[]	[]	[]
dataset/000000581654.jpg	[368.64,1,48.29,211.46;425.59,1,90.53,131.57;493.87,0.09,79.28,215.89;585.33,0.96,54.67,213.02;154.95,46.3,63.19,67.38;35.84,7.67,105.67,103.16;312.05,14.13,78.55,200.82;233.05,13.3,84.44,196.31;553.66,1,58.53,216.86;2.87,6.81,59.39,71.97;143.3,2.4,73.09,102.91;301.83,0.03,21.79,61.25]	[]	[]	[360.15,161.17,208.35,119.79]	[]	[85.03,115.34,213.05,160.01;1,88.8,58.9,177.61]	[]	[]	[]	[]	[]
dataset/000000253981.jpg	[]	[]	[]	[194.36,29.48,194.36,332.52]	[]	[]	[]	[]	[]	[]	[]
dataset/000000450590.jpg	[]	[]	[]	[162.31,53.89,162.33,317.74]	[]	[]	[]	[]	[]	[]	[]
dataset/000000368676.jpg	[307.2,137.29,122.99,279.45;463.51,153.8,64.71,180.31;361.97,136.97,48.86,65.68;413.04,161.69,60.96,174.89;403.47,157.62,19.09,38.17;392.38,142.29,17.03,47.29]	[]	[]	[237.43,306.08,96.31,111.57;336.6,318.72,125.86,108.7;507.06,272.52,35.25,63.87;394.27,268.35,33.14,26.96]	[]	[]	[]	[]	[]	[]	[]
dataset/000000253988.jpg	[]	[]	[]	[47.69,82.1,547.78,545.2]	[]	[]	[]	[]	[]	[]	[]
dataset/000000491556.jpg	[293.1,102.32,168.43,288.69;141.18,111.78,106.86,229.95]	[]	[]	[235.38,231.53,86.62,125.79]	[]	[]	[]	[]	[]	[]	[]
dataset/000000000042.jpg	[]	[]	[]	[214.15,41.29,348.26,243.78]	[]	[]	[]	[]	[]	[]	[]
dataset/000000385066.jpg	[]	[]	[]	[264.43,80.67,187.07,200.92]	[]	[]	[]	[]	[]	[]	[]
dataset/000000229419.jpg	[]	[]	[]	[449.28,237.18,110.97,48.21]	[]	[]	[30.98,154.05,273.71,168.15;155.55,143.42,230.58,159.97;1,186.91,73.99,139.56]	[]	[]	[]	[]
dataset/000000499760.jpg	[302.29,133.0,79.42,102.47;1,181.55,163.52,193.29;60.83,170.33,134.06,165.23]	[]	[]	[320.33,222.2,64.72,49.91]	[]	[]	[]	[]	[]	[]	[]
dataset/000000106545.jpg	[471.93,113.84,18.29,39.87;348.25,114.05,17.99,37.84]	[]	[]	[447.38,153.62,18.71,17.85]	[439.02,122.86,74.07,47.46;317.12,130.41,70.97,41.18]	[]	[]	[]	[]	[]	[]
dataset/000000516146.jpg	[]	[]	[]	[131.36,277.0,143.93,97.07]	[]	[]	[]	[]	[]	[]	[]
dataset/000000548912.jpg	[]	[]	[]	[90.91,107.58,290.15,184.84]	[]	[]	[]	[]	[]	[]	[]
dataset/000000417846.jpg	[]	[]	[]	[328.21,138.29,131.01,84.69;213.39,139.79,164.03,119.76]	[]	[]	[]	[]	[]	[]	[]
dataset/000000122934.jpg	[95.74,149.77,78.42,93.0;114.57,154.59,22.28,35.81;196.33,138.44,107.11,130.99]	[]	[]	[263.52,186.81,76.68,60.47]	[319.6,138.05,301.29,228.03]	[]	[]	[]	[]	[]	[]
dataset/000000294968.jpg	[421.28,91.53,131.33,337.56;201.87,211.05,49.92,67.11;149.39,192.62,20.87,73.61;221.23,176.56,59.1,86.26;118.08,191.68,37.02,68.95;159.3,197.96,32.78,85.94]	[]	[]	[260.94,248.65,57.12,24.2]	[]	[]	[]	[]	[]	[]	[]
dataset/000000090173.jpg	[]	[]	[]	[149.83,10.34,179.22,300.76]	[]	[]	[]	[]	[]	[]	[]
dataset/000000368702.jpg	[]	[]	[]	[24.19,394.15,133.07,94.76]	[]	[]	[]	[]	[]	[]	[]
dataset/000000344127.jpg	[442.46,1,169.54,605.11]	[]	[]	[113.09,115.29,230.84,464.13]	[]	[]	[]	[]	[]	[]	[]
dataset/000000581704.jpg	[]	[]	[]	[19.96,144.27,188.14,226.45;151.43,1.67,177.31,97.71]	[]	[]	[]	[]	[]	[]	[]
dataset/000000237643.jpg	[]	[]	[]	[385.42,53.01,233.96,125.04]	[]	[162.85,19.85,83.14,194.5;0.47,11.16,158.16,194.7]	[]	[]	[]	[]	[]
dataset/000000548946.jpg	[]	[]	[]	[0.49,283.4,69.71,82.74]	[]	[]	[]	[]	[]	[]	[]
dataset/000000245842.jpg	[46.02,97.8,230.11,503.37]	[]	[]	[228.85,336.16,181.01,147.4]	[]	[]	[]	[]	[]	[]	[]
dataset/000000442450.jpg	[298.93,142.14,109.83,193.88;12.42,166.98,71.62,190.05]	[]	[]	[431.87,262.58,74.7,58.39]	[]	[]	[]	[]	[]	[]	[]
dataset/000000335955.jpg	[511.77,98.25,128.23,278.29]	[]	[]	[221.62,161.26,112.97,176.78;82.8,168.02,112.05,159.84]	[]	[]	[]	[]	[]	[]	[]
dataset/000000024664.jpg	[331.15,1,280.45,197.39;445.48,127.28,194.52,347.33]	[]	[]	[72.73,54.55,567.27,419.87]	[]	[]	[]	[]	[]	[]	[]
dataset/000000204889.jpg	[205.63,188.66,55.6,176.0;318.26,231.39,14.35,26.54]	[]	[]	[158.03,287.97,106.06,69.49]	[]	[]	[]	[]	[]	[]	[]
dataset/000000139355.jpg	[]	[]	[]	[1,223.39,175.4,272.17]	[]	[]	[]	[]	[]	[]	[]
dataset/000000565341.jpg	[]	[]	[]	[319.76,182.57,134.86,104.66;412.21,161.84,61.0,96.46]	[]	[]	[]	[]	[]	[]	[]
dataset/000000524382.jpg	[]	[]	[]	[305.62,157.35,245.56,255.28;65.94,13.19,309.0,376.82;398.55,1,90.76,185.47;1.89,137.12,222.34,269.65]	[]	[]	[]	[]	[]	[]	[]
dataset/000000450653.jpg	[]	[]	[]	[0.76,54.58,382.61,284.48]	[]	[]	[]	[]	[]	[]	[]
dataset/000000483425.jpg	[2.16,18.34,635.32,434.69]	[]	[]	[44.7,205.51,595.3,270.12]	[]	[]	[]	[]	[]	[]	[]
dataset/000000254050.jpg	[]	[]	[]	[138.06,105.29,286.46,440.0]	[]	[]	[]	[]	[]	[]	[]
dataset/000000434275.jpg	[]	[]	[]	[309.08,230.45,229.04,310.31]	[]	[]	[]	[]	[]	[]	[]
dataset/000000057445.jpg	[139.43,1.29,278.86,182.03;551.74,3.68,88.26,141.05]	[]	[]	[1.72,86.61,544.94,340.39]	[]	[]	[]	[]	[]	[]	[]
dataset/000000540774.jpg	[414.42,201.29,225.58,135.62]	[]	[]	[304.75,150.01,335.25,323.18]	[]	[]	[]	[]	[]	[]	[]
dataset/000000442468.jpg	[]	[]	[]	[2.59,156.44,429.25,381.42;408.45,83.18,69.03,399.82]	[]	[]	[]	[]	[]	[]	[]
dataset/000000548964.jpg	[233.29,137.29,300.39,298.32]	[]	[]	[259.55,285.05,73.85,72.02]	[]	[]	[]	[]	[]	[]	[]
dataset/000000450666.jpg	[100.25,261.66,18.14,31.12;200.35,248.75,9.75,31.09;269.61,263.94,8.0,26.05;282.57,275.84,15.4,33.54;372.75,262.7,12.76,33.89;344.54,238.84,10.46,24.73;191.49,252.42,6.42,27.93;330.59,235.99,5.93,24.97;194.34,253.65,8.37,29.47;222.68,256.32,4.75,11.21;263.88,263.4,9.87,30.81;41.36,253.02,10.69,29.84;425.41,255.31,10.03,23.02;17,172,421,118]	[]	[]	[333.32,274.53,9.97,14.05]	[]	[]	[]	[]	[]	[]	[]
dataset/000000000109.jpg	[512.89,271.42,21.24,32.73;585.88,268.35,18.19,22.82;548.02,249.59,4.55,8.11;74.56,197.85,6.29,15.28;604.26,271.45,9.19,11.3]	[]	[]	[539.72,295.45,22.91,18.39]	[]	[]	[]	[]	[]	[]	[]
dataset/000000450672.jpg	[]	[]	[]	[234.63,110.15,140.61,258.79]	[]	[]	[]	[]	[]	[]	[]
dataset/000000565248.jpg	[1,128.83,160.64,347.33;175.44,165.82,160.28,236.08]	[]	[]	[]	[73.59,392.83,320.27,89.13;127.03,328.95,378.83,154.05]	[]	[]	[]	[]	[]	[]
dataset/000000188426.jpg	[234.57,53.26,94.05,219.83]	[]	[]	[]	[117.11,121.94,365.83,281.64]	[]	[]	[]	[]	[]	[]
dataset/000000450577.jpg	[442.65,121.3,15.05,55.82;62.46,195.22,20.56,46.88;469.2,117.0,8.32,8.99;457.29,130.39,20.51,50.86;82.31,183.33,37.88,48.94]	[]	[]	[]	[41.94,60.48,358.87,245.97]	[]	[]	[]	[]	[]	[]
dataset/000000221202.jpg	[67.7,249.98,30.83,91.56;429.8,201.41,72.38,133.16;252.95,206.02,46.19,100.08;342.89,206.31,48.49,101.0;184.23,223.22,40.61,76.61;94.45,262.73,20.73,80.68;45.33,262.26,33.95,84.87]	[]	[]	[]	[427.58,243.14,118.9,135.68;344.92,243.93,74.88,115.32;261.8,261.8,54.23,89.69;185.36,262.01,55.93,77.81]	[]	[]	[]	[]	[]	[]
dataset/000000368667.jpg	[]	[]	[]	[]	[178.43,121.48,93.62,69.41;55.33,136.08,100.05,55.44;482.2,134.24,30.7,21.25;247.99,135.24,39.5,42.79;570.65,135.15,35.64,21.2;5.22,140.28,28.98,19.42;341.95,135.68,12.65,6.84;445.73,125.78,8.63,13.57;170.91,136.51,8.84,6.38;487.33,123.11,14.7,12.31]	[]	[]	[]	[]	[]	[]
dataset/000000450592.jpg	[13.61,169.39,49.42,141.86;79.72,173.97,22.47,113.14;98.33,165.06,21.76,113.53;150.4,168.96,20.53,15.86;136.66,170.96,19.4,17.8;126.02,178.41,13.29,10.53;53.26,172.79,33.33,106.12;76.15,169.55,13.03,21.72]	[]	[]	[]	[404.73,141.48,117.61,189.4;527.8,148.2,90.13,185.47;332.65,155.86,106.11,178.72]	[]	[]	[]	[]	[]	[]
dataset/000000352290.jpg	[]	[]	[]	[]	[150.03,137.04,236.58,183.69]	[]	[]	[]	[]	[]	[]
dataset/000000319522.jpg	[]	[]	[]	[]	[286.4,213.26,66.67,38.98;83.65,200.32,66.21,32.36;348.88,212.98,24.26,35.21;480.15,208.01,32.53,34.73]	[]	[]	[]	[]	[]	[]
dataset/000000090148.jpg	[161.75,152.68,106.91,219.0;282.82,183.43,70.94,167.78]	[]	[]	[]	[119.45,207.9,167.78,216.1;580.12,221.79,37.49,59.38;30.29,189.17,26.32,22.87;240.26,230.12,188.55,183.76]	[]	[352.05,141.66,11.08,6.0;455.04,271.92,66.72,59.21;407.65,271.74,49.42,58.35;539.79,278.83,84.28,56.79;624.45,271.28,15.55,57.51;71.24,261.39,41.81,70.22;293.0,139.63,10.22,5.54;1,197.0,30.02,14.74;11.74,260.53,72.24,71.27;533.14,274.98,19.52,54.35;551.67,169.24,10.32,7.02;516.49,155.5,8.46,7.74;506.44,155.8,10.42,7.43;476.39,166.41,9.65,7.35]	[]	[]	[]	[]
dataset/000000081954.jpg	[]	[]	[]	[]	[64.99,533.77,82.23,82.23;140.84,529.57,81.34,83.27;418.67,532.04,117.5,83.79;202.2,542.6,37.07,70.56]	[]	[]	[]	[]	[]	[]
dataset/000000442414.jpg	[383.67,114.07,175.56,293.77;121.17,230.57,121.2,313.01;70.08,252.62,21.13,66.51;222.15,250.2,24.39,79.87;88.44,258.45,18.43,61.84]	[]	[]	[]	[411.5,176.22,157.34,354.62]	[]	[]	[]	[]	[]	[]
dataset/000000237618.jpg	[256.65,144.21,61.54,160.11;469.07,127.38,54.22,169.55]	[]	[]	[]	[360.76,165.55,258.63,205.92;178.16,193.39,220.33,178.16]	[]	[]	[]	[]	[]	[]
dataset/000000041011.jpg	[67.26,78.48,226.46,349.77]	[]	[]	[]	[159.14,167.41,249.46,325.81]	[]	[]	[]	[]	[]	[]
dataset/000000041020.jpg	[199.76,36.15,111.13,215.23;536.44,279.04,59.73,175.25;597.74,322.22,39.44,139.73;487.98,327.46,33.13,113.11;62.1,304.69,44.4,114.87;98.77,314.45,21.55,112.54;542.02,286.33,24.14,151.63;234.87,380.73,46.53,73.48;196.26,375.6,27.37,53.7;52.33,311.02,18.03,100.86;580.68,296.27,27.37,135.12;379.04,289.43,45.59,179.47;443.36,300.29,53.23,136.82]	[]	[]	[]	[115.28,104.75,309.65,463.8]	[]	[]	[]	[]	[]	[]
dataset/000000532540.jpg	[]	[]	[]	[]	[333.58,86.13,132.23,181.06;408.15,101.0,131.46,182.83;528.4,118.92,71.46,168.74]	[]	[]	[]	[]	[]	[]
dataset/000000188478.jpg	[473.56,17.75,96.81,224.27;258.59,34.93,79.68,205.47;262.83,70.78,30.19,49.46;105.68,133.11,50.83,160.54;38.97,143.29,53.34,163.25;73.52,144.02,34.14,154.52;95.05,137.92,20.75,36.31;1,155.7,38.72,151.67;29.82,160.52,13.31,60.43;32.38,146.88,15.49,26.58;70.19,137.36,17.14,22.47]	[]	[]	[]	[308.92,50.54,331.08,301.99;130.25,92.8,289.8,264.57]	[]	[]	[]	[]	[]	[]
dataset/000000532543.jpg	[]	[]	[]	[]	[1,45.74,551.21,434.04;279.15,187.36,248.2,292.27]	[]	[]	[]	[]	[]	[]
dataset/000000286793.jpg	[]	[]	[]	[]	[448.0,138.32,135.23,149.68;76.39,144.58,121.8,133.17;216.67,152.1,63.29,123.46]	[]	[]	[]	[]	[]	[]
dataset/000000081995.jpg	[293.67,57.13,79.52,216.8]	[]	[]	[]	[189.61,147.51,271.97,221.04]	[]	[]	[]	[]	[]	[]
dataset/000000532555.jpg	[]	[]	[]	[]	[2.06,139.93,458.41,299.1]	[]	[]	[]	[]	[]	[]
dataset/000000442445.jpg	[]	[]	[]	[]	[30.9,130.76,284.69,376.27;551.94,182.94,31.01,52.01;410.24,377.89,229.35,134.08;325.27,186.09,58.66,98.51;365.44,190.38,45.26,106.39;475.55,178.14,79.57,91.27;399.17,176.38,67.61,82.63]	[]	[]	[]	[]	[]	[]
dataset/000000467027.jpg	[150.92,32.0,130.18,383.34]	[]	[]	[]	[40.27,89.17,325.03,513.44]	[]	[]	[]	[]	[]	[]
dataset/000000327766.jpg	[]	[]	[]	[]	[50.85,80.21,131.05,155.4]	[]	[]	[]	[]	[]	[]
dataset/000000229463.jpg	[1.22,150.31,56.77,264.13]	[]	[]	[]	[55.91,41.94,277.09,448.38]	[]	[]	[]	[]	[]	[]
dataset/000000499799.jpg	[364.05,119.3,63.49,96.56;579.2,153.38,23.92,41.65;142.47,157.51,12.47,21.09;159.79,158.92,17.16,20.06;177.45,158.05,20.44,47.36;203.71,157.5,15.16,49.93;233.84,152.73,18.72,55.51;253.76,156.78,18.01,52.31;283.81,155.39,15.46,35.64;508.55,152.28,23.16,57.89;523.19,168.37,21.81,38.72;243.02,155.06,16.73,54.37;19.02,165.14,22.39,44.29;1,34,638,257]	[]	[]	[]	[337.35,144.85,117.53,116.32]	[]	[]	[]	[]	[]	[]
dataset/000000434262.jpg	[514.5,434.07,12.74,35.03;503.29,438.82,14.35,37.21]	[]	[]	[]	[601.54,301.09,25.75,59.53]	[]	[]	[]	[]	[]	[]
dataset/000000540762.jpg	[102.44,74.96,35.24,52.42;632.1,413.81,7.9,22.48;491.64,402.83,89.74,94.01;566.2,423.29,27.36,20.13]	[]	[]	[]	[264.51,176.72,365.0,300.32;344.05,208.06,295.95,289.54]	[]	[]	[]	[]	[]	[]
dataset/000000286813.jpg	[298.38,180.0,174.05,177.3]	[]	[]	[]	[4.15,210.19,323.45,237.41;535.74,267.35,104.26,166.2]	[]	[]	[]	[]	[]	[]
dataset/000000196706.jpg	[70.38,5.48,198.33,414.04;396.3,1,203.52,153.63]	[]	[]	[]	[3.65,9.67,501.61,409.49;497.2,107.85,142.8,311.67]	[]	[]	[]	[]	[]	[]
dataset/000000426094.jpg	[]	[]	[]	[]	[213.76,142.86,244.91,175.09]	[]	[]	[]	[]	[]	[]
dataset/000000467063.jpg	[398.46,170.82,49.51,100.73]	[]	[]	[]	[340.34,182.79,202.22,127.78]	[]	[230.83,244.27,134.38,73.14]	[]	[]	[]	[]
dataset/000000237689.jpg	[254.88,152.31,68.61,101.14;565.63,137.99,55.82,121.19]	[]	[]	[]	[190.22,180.89,209.32,132.57;512.77,175.92,127.23,118.97]	[]	[]	[]	[]	[]	[]
dataset/000000303227.jpg	[487.83,172.36,38.9,127.8;546.28,200.99,44.89,61.24;462.38,163.83,28.06,79.7;98.07,173.83,21.73,70.65]	[]	[]	[]	[162.58,158.67,231.19,262.2]	[]	[]	[]	[]	[]	[]
dataset/000000041085.jpg	[1.43,176.25,148.91,322.14;246.85,312.56,34.27,38.28;229.62,335.72,9.79,11.56;288.83,332.1,14.38,29.66;279.0,332.97,9.86,19.56;337.69,335.83,7.1,16.73;348.19,347.95,12.38,23.12;371.52,342.79,4.71,8.07;367.51,352.84,9.7,15.77;327.19,335.6,4.15,5.9;345.99,333.72,6.96,18.13]	[]	[]	[]	[147.92,319.32,82.03,153.65]	[]	[]	[]	[]	[]	[]
dataset/000000163965.jpg	[]	[]	[]	[]	[240.82,110.42,50.77,37.75]	[]	[]	[]	[]	[]	[]
dataset/000000319615.jpg	[334.99,127.06,119.64,202.9;316.88,118.22,34.82,68.35;388.37,132.64,19.89,33.48;445.71,136.24,36.85,53.89;402.45,134.11,10.46,18.6]	[]	[]	[]	[311.71,267.43,107.9,156.57;451.38,172.46,36.12,79.35;306.28,175.87,39.24,102.41;391.41,150.27,28.21,31.93]	[]	[]	[]	[]	[]	[]
dataset/000000106624.jpg	[305.61,137.42,37.51,75.26;278.29,137.93,31.73,72.21;244.89,138.45,31.06,65.85]	[]	[]	[405.06,214.55,25.19,56.75]	[312.72,168.8,31.94,62.49;272.14,158.1,38.73,75.07;233.82,156.8,35.92,74.08]	[]	[]	[]	[]	[]	[]
dataset/000000540799.jpg	[299.87,44.01,90.58,224.28;243.69,61.34,39.2,71.8;138.53,35.02,25.35,32.77;122.7,27.93,22.21,42.24;98.5,29.97,24.62,29.89;0.87,15.4,22.27,50.89;331.39,25.77,23.66,37.05;373.21,86.29,62.57,143.46;243.05,49.09,11.71,17.92;187.02,69.59,54.33,83.15;223.89,47.43,30.2,41.2;156.56,11.61,30.81,42.77;204.82,39.2,26.42,34.86;1,1,472,154]	[]	[]	[]	[298.27,123.5,100.39,237.28;182.71,122.96,72.23,178.17;253.17,121.29,33.17,157.66;115.42,121.08,76.58,183.37;375.22,121.75,68.7,209.97]	[]	[]	[]	[]	[]	[]
dataset/000000376961.jpg	[]	[]	[]	[]	[190.87,193.19,203.85,98.21;128.58,192.08,112.1,69.92]	[]	[]	[]	[]	[]	[]
dataset/000000262275.jpg	[335.61,38.56,304.39,473.44]	[]	[]	[]	[1,49.36,303.53,457.02]	[]	[]	[]	[]	[]	[]
dataset/000000401539.jpg	[453.58,119.44,27.49,64.49;391.95,105.52,26.64,34.24;1.19,164.1,18.89,29.68]	[]	[]	[]	[48.82,112.41,146.47,121.76;169.17,110.82,62.98,113.04;315.59,131.34,89.24,92.1;396.26,129.91,68.71,85.24;462.83,136.05,45.35,80.88;518.01,161.54,47.28,49.32;570.1,157.51,49.01,53.35;209.38,129.82,80.57,80.81;222.82,124.04,131.59,99.65;500.12,156.46,40.61,53.56;197.82,122.82,39.55,87.85;346.74,135.03,20.43,17.41;434.34,134.93,42.05,72.04;1,131,638,107]	[]	[]	[]	[]	[]	[]
dataset/000000311428.jpg	[315.28,199.08,80.68,86.57;293.01,196.33,35.31,73.67]	[]	[]	[]	[446.97,217.81,166.19,132.13]	[]	[]	[]	[]	[]	[]
dataset/000000155782.jpg	[]	[]	[]	[]	[217.74,54.23,268.55,308.87]	[]	[]	[]	[]	[]	[]
dataset/000000327811.jpg	[]	[]	[]	[]	[452.75,116.07,52.35,37.61]	[]	[503.23,317.65,111.84,88.49]	[]	[]	[]	[]
dataset/000000360585.jpg	[178.04,183.05,79.28,207.78;154.99,196.21,19.74,22.42;87.44,205.13,44.4,78.65]	[]	[]	[]	[178.38,188.65,160.0,257.3;315.84,196.47,174.33,244.29]	[]	[]	[]	[]	[]	[]
dataset/000000475277.jpg	[]	[]	[]	[]	[54.68,36.18,585.32,426.82]	[]	[]	[]	[]	[]	[]
dataset/000000524431.jpg	[199.26,95.9,64.74,81.18;250.36,82.34,91.04,104.61]	[]	[]	[]	[213.57,184.45,67.96,226.52]	[]	[]	[]	[]	[]	[]
dataset/000000041104.jpg	[]	[]	[]	[]	[24.95,107.25,241.65,478.05;230.65,107.59,123.18,480.95;323.19,123.78,134.78,438.71;457.25,162.4,110.62,326.49]	[]	[]	[]	[]	[]	[]
dataset/000000040961.jpg	[25.37,87.33,25.65,99.25]	[]	[]	[]	[]	[245.38,174.11,59.94,83.97;199.71,187.11,56.87,117.38;401.87,187.01,31.26,48.04;274.95,177.22,102.35,38.72;355.43,205.66,54.7,107.48;267.96,190.53,75.28,102.32;293.21,191.98,50.88,26.42;332.33,197.93,69.63,43.88;332.87,197.43,90.72,90.11;281.06,240.94,57.31,80.83;219.91,185.5,62.04,115.48;161.92,204.28,69.89,75.61]	[]	[]	[]	[]	[]
dataset/000000540680.jpg	[]	[]	[]	[]	[]	[293.28,386.66,142.52,90.45;51.5,379.21,118.45,103.98]	[]	[]	[]	[]	[]
dataset/000000245771.jpg	[]	[]	[]	[]	[]	[199.03,248.78,98.96,54.49;193.83,206.98,45.29,31.52;452.31,214.04,36.3,20.06;353.57,220.63,48.77,35.25]	[]	[]	[]	[]	[]
dataset/000000213005.jpg	[]	[]	[]	[]	[]	[290.89,62.2,302.71,180.97;117.77,162.85,272.06,134.51;415.45,38.77,88.45,81.47;319.74,167.23,188.91,107.61]	[]	[]	[]	[]	[]
dataset/000000507918.jpg	[]	[]	[]	[]	[]	[104.68,175.21,172.97,114.58;298.22,168.48,139.62,107.41;411.4,183.48,118.59,89.4]	[]	[]	[]	[]	[]
dataset/000000131093.jpg	[]	[]	[]	[]	[]	[320.66,151.07,78.01,126.52;297.79,113.96,138.65,133.96;216.3,134.63,105.12,127.13]	[]	[]	[]	[]	[]
dataset/000000114710.jpg	[337.53,38.22,214.44,382.73]	[]	[]	[]	[]	[224.45,160.96,191.47,160.33]	[]	[]	[]	[]	[]
dataset/000000401436.jpg	[10.07,2.88,281.89,637.12;245.93,1,128.0,297.71;209.01,137.66,44.68,138.38;1,49.24,57.27,183.55;1,1,55.85,58.39;307.05,6.63,145.65,381.54]	[]	[]	[]	[]	[200.07,335.54,256.93,269.02]	[]	[]	[]	[]	[]
dataset/000000049187.jpg	[]	[]	[]	[]	[]	[162.51,301.66,110.27,93.31]	[]	[]	[]	[]	[]
dataset/000000401455.jpg	[92.56,3.87,106.54,269.06;434.23,265.05,205.16,214.56;386.58,237.42,141.74,237.31;207.77,103.36,135.12,182.5]	[]	[]	[]	[]	[210.78,196.7,115.06,78.0]	[0.24,145.13,121.14,79.82]	[]	[]	[]	[]
dataset/000000286770.jpg	[]	[]	[]	[]	[]	[255.46,162.85,102.78,149.38;314.43,165.85,180.4,171.84;157.36,158.08,74.47,182.47]	[]	[]	[]	[]	[]
dataset/000000016448.jpg	[116.25,68.57,229.12,258.46]	[]	[]	[]	[]	[168.75,238.01,201.68,80.13]	[]	[]	[]	[]	[]
dataset/000000434263.jpg	[]	[]	[]	[]	[]	[359.15,129.5,219.14,152.96;193.3,121.91,142.92,152.07;93.96,154.29,164.19,251.77]	[]	[]	[]	[]	[]
dataset/000000548951.jpg	[292.12,66.92,89.08,160.56;580.86,154.93,49.19,202.38;13.11,63.77,63.1,152.88]	[]	[]	[]	[]	[120.62,254.63,100.95,125.74;226.53,155.99,78.49,80.47;13.37,240.19,109.16,126.61;100.13,188.96,88.24,94.19;270.25,147.05,77.21,83.45]	[]	[]	[]	[]	[]
dataset/000000163927.jpg	[205.72,250.74,5.68,10.83;393.96,295.09,6.02,12.92;408.15,273.7,3.22,6.79;40.64,234.15,5.38,12.1;510.41,295.95,5.76,11.86;346.0,258.68,4.06,10.14]	[]	[]	[]	[]	[169.61,284.53,13.07,9.6;468.18,330.95,9.19,17.78;455.16,328.6,11.56,15.12;485.3,344.86,20.32,14.92;296.27,294.52,8.43,8.0;263.52,289.61,12.33,6.17;193.74,281.32,6.57,5.89;169.32,287.24,9.33,7.61;357.12,303.64,10.54,10.25;394.34,332.34,27.32,20.39;377.31,307.23,7.42,8.09;186.19,282.49,8.3,6.82;481.58,335.83,12.75,13.35;257,261,167,76]	[]	[]	[]	[]	[]
dataset/000000524375.jpg	[188.7,50.61,14.64,29.63]	[]	[]	[]	[]	[323.62,281.45,56.41,31.94;334.31,249.97,65.29,42.4;278.25,264.18,62.39,40.57;127.6,332.01,56.92,37.55;547.49,273.71,47.03,29.96;207.53,257.78,51.22,30.93;187.42,263.31,50.58,43.75;486.21,182.72,9.87,16.35;268.7,163.36,18.9,19.2;238.06,175.83,9.87,20.08;376.84,267.48,56.83,37.16;385.79,238.06,36.38,31.27;252.69,205.8,38.38,19.31;22,147,617,154]	[]	[]	[]	[]	[]
dataset/000000417887.jpg	[]	[]	[]	[]	[]	[320.39,173.66,212.29,154.3]	[]	[]	[]	[]	[]
dataset/000000385130.jpg	[]	[]	[]	[]	[]	[342.96,102.18,84.74,78.05;390.3,111.78,72.69,57.11]	[]	[]	[]	[]	[]
dataset/000000098416.jpg	[]	[]	[]	[]	[]	[89.49,229.97,116.93,84.14;177.94,234.54,51.55,70.55;210.79,231.65,65.22,72.33;298.59,237.31,99.52,60.82;372.29,224.38,66.17,53.66;286.52,231.59,122.31,61.67;451.84,210.72,10.08,11.01;240.75,218.44,45.47,42.14;343.37,208.56,6.26,9.98;333.91,205.41,10.5,6.68;426.54,210.3,7.25,8.56;349.02,181.31,2.99,4.07]	[]	[]	[]	[]	[]
dataset/000000131197.jpg	[1.08,170.43,180.13,280.45]	[]	[]	[]	[]	[140.91,233.61,235.0,207.07;423.23,269.42,122.83,171.35]	[]	[]	[]	[]	[]
dataset/000000016520.jpg	[]	[]	[]	[]	[]	[220.76,129.19,215.74,137.14]	[]	[]	[]	[]	[]
dataset/000000409736.jpg	[]	[]	[]	[]	[]	[422.05,122.84,167.53,214.52;196.32,88.49,214.81,382.36;2.43,297.2,211.95,170.81]	[]	[]	[]	[]	[]
dataset/000000286862.jpg	[]	[]	[]	[]	[]	[224.16,365.16,32.87,28.52;246.78,366.92,26.28,25.57;259.67,366.51,27.55,26.43;276.09,369.63,25.2,24.75]	[]	[]	[]	[]	[]
dataset/000000327834.jpg	[]	[]	[]	[]	[]	[460.03,443.67,38.23,68.49;282.57,329.17,68.99,47.39;343.27,361.09,47.53,59.68;148.28,265.01,39.28,53.64;192.32,261.44,22.15,19.25;323.82,86.33,6.62,8.09;65.58,193.61,45.03,41.78;70.22,80.45,11.61,8.25;443.36,78.5,10.23,10.35;534.19,488.5,32.95,73.95;563.94,500.83,61.98,62.17;497.38,428.11,44.32,33.24;332.76,425.34,41.25,41.96;1,30,639,499]	[]	[]	[]	[]	[]
dataset/000000057498.jpg	[334.3,1.53,87.88,203.45;113.5,38.54,144.47,364.7;0.76,128.85,193.13,216.51;22.98,1.91,67.01,150.3;1,293.7,141.4,132.3;270.17,0.33,78.24,176.4;38.26,378.64,79.18,47.36]	[]	[]	[]	[]	[244.47,198.08,266.37,171.49]	[]	[]	[]	[]	[]
dataset/000000393386.jpg	[]	[]	[]	[]	[]	[261.56,178.83,133.59,140.76;391.26,45.34,232.2,238.6;559.75,135.59,80.25,151.16;79.77,10.77,221.34,214.2;367.36,77.45,47.58,133.89]	[]	[]	[]	[]	[]
dataset/000000442539.jpg	[]	[]	[]	[]	[]	[112.28,236.79,82.42,78.95;136.62,204.43,73.88,53.8;11.47,223.18,82.39,111.6;191.18,231.86,73.19,99.39;255.9,229.0,81.58,122.33;283.68,216.71,44.72,13.21;308.65,229.67,92.4,108.26;339.22,186.43,76.13,52.9;418.81,245.17,95.19,95.01;359.63,208.92,73.21,102.68;492.71,220.38,71.25,26.16]	[]	[]	[]	[]	[]
dataset/000000565431.jpg	[]	[]	[]	[]	[428.74,166.93,43.88,48.45;530.04,169.21,75.76,40.86]	[358.88,205.66,181.26,212.09]	[]	[]	[]	[]	[]
dataset/000000327872.jpg	[]	[]	[]	[]	[]	[181.29,181.0,91.34,86.47;426.64,160.78,37.18,63.09;302.35,160.93,47.51,65.01;349.63,179.97,39.79,37.74;498.48,158.67,39.9,68.95;518.9,186.11,86.86,106.08;106.09,168.43,47.66,56.88;58.28,163.19,50.93,83.03;166.29,163.42,40.13,61.19;0.35,177.65,51.08,62.51;261.9,159.15,47.13,64.06;259.14,154.27,27.49,28.8;51.07,170.71,69.06,21.03;304,156,335,108]	[]	[]	[]	[]	[]
dataset/000000508100.jpg	[]	[]	[]	[]	[]	[357.22,259.01,18.06,10.6;286.13,258.46,11.13,9.84;153.84,257.8,19.33,12.32;53.97,262.04,10.37,12.28;471.91,258.16,20.85,12.31;250.31,259.98,13.64,10.3]	[]	[]	[]	[]	[]
dataset/000000557254.jpg	[]	[]	[]	[]	[]	[189.94,231.23,283.52,97.72]	[]	[]	[]	[]	[]
dataset/000000286920.jpg	[]	[]	[]	[]	[]	[326.52,347.43,57.09,49.52;212.22,310.37,128.55,30.21;460.55,354.03,65.55,41.95;223.77,304.9,19.44,12.2;169.0,309.08,31.82,23.0;127.49,316.2,24.58,16.07;115.01,301.06,20.27,19.9;83.75,307.23,18.32,24.2;417.63,350.93,39.17,50.76;361.78,343.5,71.15,49.56;387.53,331.21,55.02,18.34;368.63,312.09,18.37,8.73;524.71,357.64,62.05,40.11;81.5,300.61,20.03,10.43;42,296,541,73]	[]	[]	[]	[]	[]
dataset/000000057548.jpg	[]	[]	[]	[]	[]	[173.45,90.97,248.64,278.97;349.7,166.61,239.26,235.26]	[]	[]	[]	[]	[]
dataset/000000090317.jpg	[]	[]	[]	[]	[]	[163.98,215.54,37.44,51.3;105.45,241.8,70.15,60.27;66.76,246.79,39.19,60.13;42.03,257.99,24.84,42.83;91.82,236.73,27.65,19.6;60.35,231.41,41.85,44.39;118.16,230.13,26.09,15.15]	[]	[]	[]	[245.19,156.88,104.43,78.79;204.39,168.69,76.38,64.63;116.42,160.39,114.72,74.08]	[]
dataset/000000319693.jpg	[]	[]	[]	[]	[]	[327.04,259.68,31.68,40.29;256.86,241.04,44.46,50.98;263.32,259.24,33.15,36.77]	[]	[]	[]	[]	[]
dataset/000000409808.jpg	[]	[]	[]	[]	[]	[166.13,5.65,154.84,181.45]	[]	[]	[]	[]	[]
dataset/000000360665.jpg	[]	[]	[]	[]	[]	[394.09,288.15,119.76,84.13;377.59,273.6,108.65,56.86;122.48,247.55,284.42,156.04;1,253.9,133.72,114.44;304.9,270.11,65.34,102.28;483.74,287.07,52.9,48.09;470.59,262.11,42.37,22.13;534.28,262.22,85.43,79.92;521.37,272.02,38.26,33.67;357.92,260.35,81.85,27.83;506.63,270.46,45.0,17.02;493.35,282.72,53.83,42.68;92.77,279.21,41.07,83.87;16,247,623,117]	[]	[]	[]	[]	[]
dataset/000000516319.jpg	[]	[]	[]	[]	[]	[258.45,279.34,107.48,95.66;461.99,254.82,93.16,101.08;297.3,244.3,92.98,93.86;67.19,285.98,57.62,84.69]	[]	[]	[]	[]	[]
dataset/000000516321.jpg	[]	[]	[]	[]	[]	[10.96,116.68,348.1,450.88;151.23,90.59,272.39,432.17;134.59,51.64,160.69,65.92;229.24,40.81,108.41,43.06;2.75,2.2,145.58,103.0]	[]	[]	[]	[]	[]
dataset/000000155877.jpg	[]	[]	[]	[]	[]	[509.29,270.34,115.21,127.1;143.73,145.05,135.35,135.35;170.52,246.4,65.59,47.39]	[]	[]	[]	[]	[]
dataset/000000270581.jpg	[93.59,37.16,397.76,513.38]	[]	[]	[]	[]	[104.97,322.18,347.19,294.76]	[]	[]	[]	[]	[]
dataset/000000139512.jpg	[1,99.97,223.36,374.76]	[]	[]	[]	[]	[278.02,133.15,116.39,81.72;396.99,138.35,89.22,101.48;205.42,83.61,88.77,91.87;301.71,106.63,70.99,40.25;364.55,101.13,72.69,37.98;456.67,151.28,113.02,55.77;571.7,151.08,68.3,56.82;511.29,101.73,44.43,40.73;444.61,100.32,67.03,48.42;578.3,121.81,61.28,37.62;403.75,98.04,57.52,38.56;377.78,131.97,87.15,41.93;248.1,83.55,89.61,45.03;1,84,635,105]	[]	[]	[]	[]	[]
dataset/000000581881.jpg	[366.93,151.27,61.59,179.32;93.24,155.66,20.02,17.49;132.68,158.76,6.38,7.09;116.5,159.58,9.17,6.17]	[]	[]	[]	[]	[309.79,229.12,41.88,67.3;330.37,217.21,28.37,30.72;266.86,226.52,32.49,44.71;196.82,237.28,50.71,61.1;240.72,203.0,24.6,40.89;198.56,200.2,23.64,18.29;191.31,187.9,22.26,19.24;175.79,199.88,20.78,14.21;261.61,214.23,31.41,32.28;129.22,223.51,58.47,50.3;309.0,205.63,30.49,27.7;278.54,205.97,26.97,32.87;145.6,212.27,25.51,12.3;158.63,182.36,18.82,14.3;205.72,213.8,39.5,32.91;170.44,210.83,30.78,45.92;127,178,184,64]	[]	[]	[]	[]	[]
dataset/000000254204.jpg	[]	[]	[]	[]	[]	[324.05,279.54,9.51,11.29;326.67,271.77,5.42,5.59;358.51,281.78,8.09,7.17;253.81,295.53,8.41,6.29;282.97,295.76,6.81,8.09;235.09,302.78,5.39,7.06;120.56,316.16,8.15,6.56;67.38,315.96,6.73,4.12;67.58,305.12,6.51,4.68;293.72,294.57,6.01,5.42;93.9,317.98,4.46,2.57;116.61,315.86,8.25,2.66;61.86,302.05,6.63,7.67;292.84,272.03,3.43,6.57;224.03,304.14,4.34,5.89;269.13,296.52,5.56,6.01;269.13,293.12,8.32,4.93;346.53,280.71,9.08,11.42;280.24,273.14,5.54,5.24;192.44,309.84,6.44,6.88;331.61,269.93,6.8,6.67;1,259,322,72]	[]	[]	[]	[]	[]
dataset/000000237825.jpg	[]	[]	[]	[]	[]	[497.59,268.53,91.77,140.62;452.0,237.38,43.63,76.05;347.89,228.35,39.25,83.21;335.58,226.67,26.54,56.78;411.99,225.72,26.11,39.48;215.47,203.54,48.91,39.7;136.6,210.6,37.94,52.22;114.03,195.94,34.92,43.15;310.06,213.17,27.26,33.46;171.54,198.21,24.34,40.36;431.66,226.2,54.97,69.6;351.6,217.22,20.66,17.38;389.86,225.49,24.86,50.02;374,212,201,95]	[]	[]	[]	[]	[]
dataset/000000393487.jpg	[]	[]	[]	[]	[]	[482.98,197.38,34.89,28.14;319.04,202.58,35.57,27.12;248.89,202.75,40.94,28.87;568.77,197.59,29.74,25.4;545.63,210.06,18.76,12.7;291.21,203.19,32.66,22.08;72.83,223.0,20.12,10.98;247.83,211.23,27.5,16.51;63.6,205.9,35.94,27.09]	[]	[]	[]	[]	[]
dataset/000000401685.jpg	[386.8,130.3,58.36,123.12]	[]	[]	[]	[]	[110.64,236.26,182.99,148.28;234.03,205.73,65.15,88.51;282.24,216.22,128.16,143.09]	[]	[]	[]	[]	[]
dataset/000000311578.jpg	[371.43,14.2,29.68,70.84;473.87,16.27,46.9,85.2;42.79,8.04,35.92,62.01;13.37,77.13,203.97,348.87;1,138.83,185.98,287.17;176.63,14.58,15.26,32.8;601.23,19.14,22.43,32.85;137.53,11.61,18.52,38.39;184.54,52.9,11.63,9.42;176.95,30.22,16.96,31.03;129.49,23.0,16.29,65.92;90.86,5.73,18.67,41.65;562.67,18.03,17.82,29.98;14,1,200,90]	[]	[]	[]	[]	[424.03,170.65,157.45,90.44;433.31,208.64,174.16,175.64;329.1,180.64,116.1,106.96;544.44,263.24,94.56,156.65;186.17,99.14,54.47,41.31;597.13,218.73,42.42,46.7]	[]	[]	[]	[]	[]
dataset/000000573455.jpg	[]	[]	[]	[]	[]	[]	[391.93,112.45,54.85,68.47;467.99,123.74,87.0,82.0;472.78,157.32,139.2,81.54;562.88,133.95,42.25,31.75;397.63,266.81,143.73,111.89;254.83,16.98,79.59,61.04;446.45,14.78,25.7,34.27;0.59,254.85,56.3,47.78;377.59,83.13,75.49,66.57;0.45,65.21,30.89,41.37;502.84,1.88,28.08,47.88;590.15,181.1,49.85,57.93;256.8,169.96,149.39,74.48]	[]	[]	[]	[]
dataset/000000213010.jpg	[]	[]	[]	[]	[]	[]	[1,59.12,477.48,440.88]	[]	[]	[]	[]
dataset/000000352276.jpg	[]	[]	[]	[]	[]	[]	[174.55,126.96,371.53,266.81]	[]	[]	[]	[]
dataset/000000368661.jpg	[]	[]	[]	[]	[]	[]	[176.08,394.14,96.64,125.27;36.78,379.85,87.32,91.68;206.36,376.18,39.01,39.75;466.92,385.39,97.19,121.24;46.67,371.52,23.95,27.8;239.64,360.55,10.78,13.03;514.07,363.81,30.34,18.62;335.75,363.6,13.33,10.61;464.72,359.57,18.44,10.88;247.53,361.14,15.14,18.02;363.34,360.52,20.28,20.98;307.4,362.51,10.31,15.08;291.58,366.24,14.22,11.58;88.54,367.54,38.49,16.8;262,355,252,18]	[]	[]	[]	[]
dataset/000000303127.jpg	[]	[]	[]	[]	[]	[]	[52.57,30.47,440.94,433.53]	[]	[]	[]	[]
dataset/000000385050.jpg	[]	[]	[]	[]	[]	[]	[483.08,252.78,120.78,91.61;6.31,213.95,176.43,86.92;265.4,243.11,107.21,73.06;229.51,220.66,78.79,32.41;252.65,248.14,30.98,49.62;164.69,237.55,89.6,62.64;304.09,233.84,46.29,27.04;212.86,223.64,41.21,31.66;616.03,286.76,23.95,18.77;474.12,264.39,29.05,36.55;290.15,217.29,221.71,175.81]	[]	[]	[]	[]
dataset/000000180253.jpg	[]	[]	[]	[]	[]	[]	[105.23,57.07,531.55,415.57]	[]	[]	[]	[]
dataset/000000114718.jpg	[107.29,177.12,46.67,134.56;181.71,179.04,32.54,93.01;368.47,146.81,104.59,246.61;225.49,161.2,39.35,83.49;288.41,170.43,37.2,77.15;335.23,169.6,40.17,104.99;468.22,178.88,33.55,40.75;212.94,176.95,21.3,73.09;461.05,186.9,18.75,94.87;468.78,187.12,14.71,27.38;480.52,171.8,57.52,126.95]	[]	[]	[]	[]	[]	[120.2,232.62,203.56,167.81]	[]	[]	[]	[]
dataset/000000417825.jpg	[]	[]	[]	[]	[]	[]	[95.0,156.9,195.09,286.0;294.0,151.74,76.26,128.42;391.33,171.92,65.24,88.01;461.08,179.02,43.67,81.27;402.34,146.46,54.26,71.21;370.29,172.69,22.04,43.13;46.45,175.29,38.13,60.12;75.06,175.18,22.79,44.46;379.52,159.24,38.33,20.26;358.21,149.73,23.71,38.3;386.76,152.85,10.05,7.96;395.8,149.75,15.38,10.35;288.11,163.16,33.73,49.71]	[]	[]	[]	[]
dataset/000000221222.jpg	[]	[]	[]	[]	[]	[]	[268.14,122.9,371.86,299.36;213.24,216.2,83.94,99.52;149.67,241.2,97.05,63.34]	[]	[]	[]	[]
dataset/000000557101.jpg	[]	[]	[]	[]	[]	[]	[261.59,235.64,104.26,64.3;117.19,182.48,13.53,22.65;180.24,153.17,17.56,16.26;132.08,134.91,28.6,12.55]	[]	[]	[]	[]
dataset/000000507950.jpg	[]	[]	[]	[]	[]	[]	[385.15,245.8,19.86,13.75;311.38,247.69,60.67,40.51;271.0,266.84,46.86,24.37;277.0,232.95,55.67,27.56;188.52,267.88,33.62,19.76;547.85,251.62,56.04,21.65;471.42,226.08,32.99,27.95;500.21,226.12,41.52,32.25;450.96,236.48,31.7,18.71;290.9,265.65,29.87,18.49;67.83,291.83,34.23,21.62;392.53,236.36,31.32,18.73;449.68,268.5,38.76,25.8;568.19,242.12,37.36,19.91;543.14,231.49,33.56,27.7;390.34,271.91,63.58,24.33;226,224,413,189]	[]	[]	[]	[]
dataset/000000352307.jpg	[]	[]	[]	[]	[]	[]	[67.72,137.91,328.15,244.51]	[]	[]	[]	[]
dataset/000000237622.jpg	[]	[]	[]	[]	[]	[]	[245.54,157.07,115.26,256.85]	[]	[]	[]	[]
dataset/000000254008.jpg	[]	[]	[]	[]	[]	[]	[272.25,172.57,182.94,111.07;186.72,157.29,107.1,106.67;368.1,160.05,107.46,104.24]	[]	[]	[]	[]
dataset/000000417849.jpg	[374.55,277.17,129.97,181.96]	[]	[]	[]	[]	[]	[292.25,170.77,234.54,271.38;233.12,215.54,66.81,188.62;71.39,192.03,133.58,164.41]	[]	[]	[]	[]
dataset/000000548921.jpg	[]	[]	[]	[]	[]	[]	[206.31,183.38,83.54,106.52]	[]	[]	[]	[]
dataset/000000540735.jpg	[]	[]	[]	[]	[]	[]	[13.9,177.95,119.25,156.02;130.72,157.6,176.27,190.72;271.02,185.16,111.71,161.37;370.09,156.83,140.46,201.21;7.55,168.38,55.43,94.23;122.2,175.42,49.99,35.22;299.34,164.57,48.72,26.23;1.53,159.96,26.29,98.27;321.57,189.37,163.89,143.4;201.02,169.88,26.95,16.96]	[]	[]	[]	[]
dataset/000000196676.jpg	[537.98,202.75,60.02,167.39;60.2,77.03,141.13,164.65;156.06,41.66,186.13,428.1;503.4,200.51,28.56,34.41]	[]	[]	[]	[]	[]	[236.25,79.95,308.13,560.05]	[]	[]	[]	[]
dataset/000000376907.jpg	[135.39,70.68,114.48,309.6]	[]	[]	[]	[]	[]	[365.7,167.28,134.33,174.77;318.2,74.15,169.58,256.27;268.36,56.37,230.32,177.02;360.77,137.74,226.03,97.48;84.28,123.09,41.1,40.73;450.78,39.7,174.47,109.04;406.29,138.89,220.15,204.21]	[]	[]	[]	[]
dataset/000000024652.jpg	[]	[]	[]	[]	[]	[]	[80.99,285.91,89.49,60.95;263.83,262.26,34.43,46.74;341.13,245.58,32.44,23.31;357.53,229.27,15.41,16.88;431.96,246.73,26.88,21.32;480.11,234.42,10.98,13.67;356.71,224.3,15.03,10.76;504.57,239.97,8.81,11.99;517.25,227.35,9.23,9.82;227.57,256.16,38.17,39.89;593.31,270.62,23.71,31.33;504.59,244.71,19.44,17.21;444.98,241.45,14.8,9.04]	[]	[]	[]	[]
dataset/000000147539.jpg	[]	[]	[]	[]	[]	[]	[276.21,270.95,128.73,113.58]	[]	[]	[]	[183.04,137.96,130.26,154.18]
dataset/000000098390.jpg	[333.82,179.55,108.76,209.68;24.28,142.7,171.44,278.48;108.58,170.58,86.79,115.99]	[]	[]	[]	[]	[]	[374.98,141.79,161.34,108.85]	[]	[]	[]	[]
dataset/000000106589.jpg	[]	[]	[]	[]	[]	[]	[291.23,139.95,50.43,117.44]	[]	[]	[]	[]
dataset/000000270431.jpg	[]	[]	[]	[]	[]	[]	[284.19,390.83,55.72,64.21;408.11,408.98,84.47,27.75;227.43,378.65,66.69,24.6;130.25,363.79,51.82,39.91;435.2,357.03,48.39,35.43;210.35,399.02,34.6,22.58;180.55,391.48,41.79,13.66;77.09,351.63,24.76,33.86;2.6,399.38,76.46,30.79;336.28,397.83,44.75,21.38;363.25,392.46,48.58,18.13;421.02,384.38,30.67,15.33;478.86,369.36,38.31,35.8;10,346,629,62]	[]	[]	[]	[]
dataset/000000393325.jpg	[]	[]	[]	[]	[]	[]	[39.3,77.54,278.76,216.61;345.87,69.58,294.13,121.45;422.94,77.1,217.0,238.56]	[]	[]	[]	[]
dataset/000000458862.jpg	[]	[]	[]	[]	[]	[]	[185.06,125.33,388.21,218.58;513.18,121.72,126.82,132.97;47.87,261.18,263.25,106.26;571.38,95.15,68.62,105.46]	[]	[]	[]	[]
dataset/000000458864.jpg	[257.16,92.12,213.02,252.36;519.21,59.87,109.66,217.07;581.49,120.9,58.51,264.84;401.53,64.55,38.13,47.81;374.0,66.68,31.09,25.82;306.24,71.18,35.82,54.29;304.49,67.56,17.57,57.88;149.51,80.1,89.17,159.14;48.49,84.88,60.14,141.17;0.96,140.09,54.69,116.11;195.61,97.59,31.73,17.97]	[]	[]	[]	[]	[]	[1,255.79,602.94,160.13;215.5,108.55,143.1,90.77;530.7,62.39,30.36,38.52]	[]	[]	[]	[]
dataset/000000376945.jpg	[]	[]	[]	[]	[]	[]	[266.53,152.66,215.78,191.1;203.78,160.16,152.03,188.99;158.93,157.59,84.25,115.84;114.63,172.08,62.09,173.86;0.85,152.47,121.17,124.2;468.62,189.93,53.03,79.06]	[]	[]	[]	[]
dataset/000000385152.jpg	[]	[]	[]	[]	[]	[]	[214.52,443.09,128.81,132.99;40.8,418.72,97.47,120.19;298.11,395.07,91.64,73.3;168.82,365.47,78.67,40.83;207.6,344.71,42.75,24.76;189.53,332.18,18.64,15.92;97.55,360.28,50.98,17.68;50.16,323.05,22.66,15.84;0.06,331.08,24.81,12.7;7.1,326.82,9.14,8.35]	[]	[]	[]	[]
dataset/000000254082.jpg	[]	[333.82,156.57,69.65,104.79;95.52,178.44,66.45,61.27;488.84,206.05,49.63,76.64;590.14,224.25,49.86,73.44;474.71,322.8,89.74,80.26;548.23,313.37,91.77,112.63;410.92,341.72,139.11,83.2;285.97,384.66,49.57,41.1;374.16,369.06,123.46,56.94;489.85,282.52,86.66,41.96;140.8,411.99,28.52,12.76;318.45,383.88,63.17,42.12;580.99,287.36,33.07,86.16]	[]	[]	[]	[]	[290.41,17.41,349.05,198.8]	[]	[]	[]	[]
dataset/000000172162.jpg	[]	[16.4,321.11,35.07,34.56]	[]	[]	[]	[]	[29.61,186.93,75.26,75.82]	[]	[]	[529.36,174.5,110.21,74.86;366.57,195.85,71.13,55.63]	[]
dataset/000000180362.jpg	[348.65,160.37,16.9,28.97]	[]	[]	[]	[]	[]	[314.61,196.5,64.78,117.3;294.01,177.27,59.17,99.08;18.73,213.57,151.79,114.19;385.52,173.7,29.47,53.2;426.18,173.1,29.3,54.58;354.12,184.74,30.08,30.36;223.39,180.77,20.54,38.66;242.01,192.24,43.19,67.21;285.77,196.4,30.43,66.13;262.49,182.86,14.11,14.44;371.49,173.39,19.62,49.05]	[]	[]	[]	[]
dataset/000000032909.jpg	[]	[]	[]	[]	[]	[]	[90.84,238.11,377.16,156.9;155.33,165.28,312.67,101.5;48.38,350.76,419.62,280.6;96.28,108.4,371.72,120.69;171.81,67.5,294.95,55.84;1,352.34,95.93,120.6;1,307.35,104.52,74.45;1.43,273.51,121.98,60.27;125.52,22.76,326.89,96.55;146.34,1,258.28,45.13]	[]	[]	[]	[]
dataset/000000188562.jpg	[465.03,188.0,57.11,174.66]	[]	[]	[]	[]	[]	[322.72,185.97,106.42,111.33;272.51,163.68,110.53,76.83]	[]	[]	[]	[]
dataset/000000450716.jpg	[514.07,192.49,88.46,149.33;578.16,184.45,61.48,289.08;515.34,176.54,47.65,40.39;552.26,152.85,30.71,52.27;514.31,158.02,22.33,46.0;530.46,150.76,22.63,32.08;492.1,158.36,14.64,14.98;506.61,164.36,9.43,12.46;572.53,159.0,12.19,18.23;615.76,168.71,19.0,27.6;578.45,139.34,42.11,83.72;629.36,156.83,10.64,27.77]	[]	[]	[]	[]	[]	[14.45,189.62,401.55,269.42;154.51,196.33,253.39,133.9;1,194.05,288.48,285.95;206.47,190.7,229.19,112.9;341.38,184.16,118.39,80.75;412.15,179.61,61.44,22.3;340.04,177.02,122.34,72.57;466.94,182.23,27.8,37.77;431.06,189.22,48.74,46.18;320.66,183.26,121.47,89.62;498.09,170.92,19.51,10.67]	[]	[]	[]	[]
dataset/000000508071.jpg	[438.86,12.72,40.6,77.72;483.45,25.92,16.55,53.65;156.63,2.04,27.87,81.35;53.89,28.21,39.98,56.12]	[]	[]	[]	[]	[]	[65.73,74.87,303.69,187.08]	[]	[]	[]	[]
dataset/000000131245.jpg	[264.26,74.69,150.87,280.18]	[]	[]	[]	[]	[]	[233.4,338.2,406.22,78.8;96.85,345.26,232.27,71.74;0.9,37.66,70.84,292.35;2.69,202.67,52.91,162.32;369.34,124.56,270.66,226.37]	[]	[]	[]	[]
dataset/000000188589.jpg	[135.3,126.72,99.09,271.55;32.54,134.71,82.31,276.61;209.93,141.32,54.37,215.76;77.43,160.94,51.45,196.83;91.93,160.9,29.39,65.64;128.02,147.13,37.68,136.82;1,159.77,18.66,103.42]	[]	[]	[]	[]	[]	[334.35,142.78,244.16,185.69;551.47,107.88,88.53,140.18]	[]	[]	[]	[]
dataset/000000450735.jpg	[201.98,173.69,52.17,49.46;317.46,144.79,56.46,66.99;367.96,145.47,60.97,115.53;556.89,150.6,52.16,129.6;275.51,180.09,34.91,40.08]	[]	[]	[]	[]	[]	[250.8,195.52,145.35,253.86;369.73,205.07,136.43,242.45;482.93,202.8,126.64,245.47;168.08,218.18,143.47,231.3;80.59,212.7,185.44,234.62]	[]	[]	[]	[]
dataset/000000540846.jpg	[]	[414.99,114.8,47.73,20.84]	[]	[]	[]	[]	[303.28,128.74,164.84,132.1]	[]	[]	[]	[]
dataset/000000041146.jpg	[]	[]	[]	[]	[]	[]	[181.17,42.78,458.83,329.14;148.52,120.3,97.48,146.21;71.14,110.17,77.78,152.71;1,157.52,74.31,99.44;344.52,211.99,30.68,44.52;150.79,172.51,60.53,87.56;1,181.72,16.01,70.2;236.68,152.9,25.52,99.5]	[]	[]	[]	[]
dataset/000000139455.jpg	[]	[]	[]	[]	[]	[]	[77.27,237.39,110.36,73.01;22.31,93.91,90.13,65.0;192.49,113.01,93.45,70.35;476.92,118.06,111.43,68.62;271.72,192.95,56.14,57.29;206.24,219.74,39.3,61.86;267.29,221.02,43.56,54.95;490.09,153.69,46.99,47.8]	[]	[]	[]	[]
dataset/000000270532.jpg	[529.94,216.89,17.95,89.75;130.69,219.42,11.35,10.78;1,215.08,9.25,47.88;413.02,228.79,11.71,9.03]	[]	[]	[]	[]	[]	[93.45,227.29,89.9,82.02;159.38,232.61,62.1,67.11;191.77,233.13,71.63,62.28;238.64,231.83,68.85,43.98;309.76,235.25,82.56,47.17;543.66,240.99,57.5,45.14;407.87,235.92,37.12,37.79;441.13,236.6,18.9,38.28;491.9,241.97,40.49,51.32;373.52,235.82,48.54,42.44;126.24,276.62,29.16,19.05]	[]	[]	[]	[]
dataset/000000409796.jpg	[371.34,110.1,43.68,86.43;439.24,115.0,45.72,118.35]	[]	[]	[]	[]	[]	[189.12,135.39,179.87,95.59;192.84,114.49,182.88,87.16]	[]	[]	[]	[]
dataset/000000229574.jpg	[212.7,119.28,47.85,95.56;550.51,60.46,39.26,93.48]	[]	[]	[]	[]	[]	[109.64,220.84,209.79,125.97;279.25,248.15,169.07,86.12;32.67,222.71,79.87,65.99;0.69,252.17,68.89,32.87;304.93,189.13,130.56,41.38;176.46,129.78,28.88,13.38;320.93,130.41,25.91,19.48;125.79,153.96,30.38,28.72;456.98,115.06,13.0,7.96;117.45,181.25,33.02,28.2;96.68,216.08,17.94,26.38;35.8,240.1,60.87,39.38;125.95,182.98,74.47,25.77]	[]	[]	[]	[]
dataset/000000237780.jpg	[]	[]	[]	[]	[]	[]	[290.43,186.61,76.31,99.29;216.41,187.74,78.85,90.12;168.48,214.01,61.3,109.16;455.04,163.52,93.72,74.27;518.54,157.12,47.15,80.95;364.57,190.85,26.6,59.92;392.49,171.53,43.88,93.08]	[]	[]	[]	[]
dataset/000000024788.jpg	[91.88,194.01,40.06,69.99]	[]	[]	[]	[]	[]	[324.99,202.39,44.51,55.17;204.76,223.3,85.4,33.52;128.51,237.9,43.66,20.56]	[]	[]	[]	[]
dataset/000000163840.jpg	[153.26,309.55,163.56,255.73;142.55,303.4,100.26,91.08;60.18,327.2,8.46,16.12;104.66,304.27,44.92,190.23]	[]	[]	[]	[]	[]	[]	[134.99,194.16,214.84,369.24]	[]	[]	[]
dataset/000000286724.jpg	[]	[]	[]	[]	[]	[]	[]	[86.17,90.95,185.73,293.92;232.13,187.09,146.67,197.11;311.59,17.79,315.45,387.57]	[]	[]	[]
dataset/000000303111.jpg	[413.42,192.32,57.99,56.91;74.13,152.66,43.99,44.65;121.93,150.15,41.32,49.16]	[]	[]	[]	[]	[]	[]	[341.17,226.01,172.19,154.98;33.82,169.55,158.96,149.7]	[]	[]	[]
dataset/000000548875.jpg	[]	[]	[]	[]	[]	[]	[]	[226.52,281.53,73.35,77.66;258.09,196.25,120.45,159.53;351.61,202.67,63.39,143.44;400.56,181.18,197.53,157.12;69.36,145.76,173.41,233.06;209.61,258.91,42.26,102.41;414.42,250.41,49.2,91.75;248.47,258.95,55.77,95.82]	[]	[]	[]
dataset/000000393228.jpg	[]	[]	[]	[]	[]	[]	[]	[84.63,201.48,196.19,122.14;309.93,266.51,106.39,56.62;420.31,243.01,134.0,75.76]	[]	[]	[]
dataset/000000294925.jpg	[]	[]	[]	[]	[]	[]	[]	[417.46,191.74,133.02,156.99;57.96,199.16,103.88,155.5;140.22,180.13,190.93,169.35;348.11,229.73,75.67,103.78;283.05,283.38,80.49,53.39;272.49,219.35,83.33,76.2;527.64,178.38,14.88,13.27]	[]	[]	[]
dataset/000000401433.jpg	[221.18,101.65,91.76,311.52;264.27,130.34,206.02,334.38]	[]	[]	[]	[]	[]	[]	[143.46,351.64,403.42,128.36]	[]	[]	[]
dataset/000000499738.jpg	[]	[]	[]	[]	[]	[]	[]	[108.89,243.28,257.76,234.33;509.93,282.41,91.6,73.71;44.16,283.6,79.13,62.23;57.38,321.93,250.23,153.99]	[]	[]	[]
dataset/000000221212.jpg	[214.06,18.81,116.88,156.12;200.23,42.5,53.16,127.58]	[]	[]	[]	[]	[]	[]	[114.8,145.15,259.73,444.84]	[]	[]	[]
dataset/000000237597.jpg	[]	[]	[]	[]	[]	[]	[]	[140.42,57.62,410.5,414.85]	[]	[]	[]
dataset/000000385057.jpg	[148.47,199.64,132.61,420.9;322.88,289.01,151.35,281.08]	[]	[]	[]	[]	[]	[]	[1.59,439.41,501.41,200.59]	[]	[]	[]
dataset/000000303140.jpg	[]	[]	[]	[]	[]	[]	[]	[76.22,38.11,396.61,459.73]	[]	[]	[]
dataset/000000221223.jpg	[190.98,79.06,192.26,162.97]	[]	[]	[]	[]	[]	[]	[417.78,350.55,92.0,74.31]	[]	[]	[]
dataset/000000041001.jpg	[]	[]	[]	[]	[]	[]	[]	[228.8,69.88,385.79,262.3;135.33,127.8,263.03,193.46;74.13,249.05,122.78,87.03]	[]	[]	[]
dataset/000000221234.jpg	[]	[]	[]	[]	[]	[]	[]	[338.2,259.16,39.57,49.33]	[]	[]	[]
dataset/000000327735.jpg	[2.65,343.96,170.51,170.51]	[]	[]	[]	[]	[]	[]	[166.9,409.8,311.77,121.78]	[]	[]	[]
dataset/000000417848.jpg	[622.36,390.73,17.64,43.26]	[]	[]	[]	[]	[]	[]	[66.64,339.04,77.37,50.88;125.49,292.36,41.74,43.09;474.99,281.03,22.56,26.48;392.89,299.8,9.77,20.49;345.55,294.58,25.39,36.76;440.83,388.38,78.43,55.24;565.65,385.19,65.98,51.5;554.86,297.75,37.09,25.74;279.27,455.06,134.65,18.71;433.22,291.14,7.33,20.57;373.01,284.04,22.91,35.91;520.3,380.98,44.11,54.28;479.32,370.09,64.97,41.64;22,193,617,286]	[]	[]	[]
dataset/000000434234.jpg	[]	[]	[]	[]	[]	[]	[]	[71.19,69.03,357.03,385.08]	[]	[]	[]
dataset/000000303177.jpg	[]	[]	[]	[]	[]	[]	[]	[136.03,57.91,187.55,259.19;327.54,72.47,162.15,252.51]	[]	[]	[]
dataset/000000090196.jpg	[560.92,147.5,37.15,117.35;357.47,155.79,42.47,95.2;314.91,159.79,34.77,96.65;178.87,134.06,75.63,60.97]	[]	[]	[]	[]	[]	[]	[168.24,161.25,110.42,116.92]	[]	[]	[]
dataset/000000098394.jpg	[]	[]	[]	[]	[]	[]	[]	[20.15,147.28,155.43,193.81;139.58,229.62,61.58,100.34;187.27,190.2,79.55,142.3;245.06,243.65,52.69,89.82;273.79,173.27,112.96,180.93;354.04,153.51,103.62,182.3;408.99,198.9,102.09,167.93;486.46,190.9,43.27,58.91;513.35,195.97,36.24,59.83;559.24,203.3,37.69,59.45;546.7,189.07,34.85,70.05]	[]	[]	[]
dataset/000000180315.jpg	[102.63,125.41,10.45,23.73;115.53,126.95,10.67,15.88;116.02,123.37,5.01,5.89;112.26,125.9,4.78,22.72]	[]	[]	[]	[]	[]	[]	[87.37,139.15,331.15,294.47]	[]	[]	[]
dataset/000000245852.jpg	[]	[]	[]	[]	[]	[]	[]	[1,96.36,316.4,477.48;2.88,14.38,316.4,516.32]	[]	[]	[]
dataset/000000581726.jpg	[]	[]	[]	[]	[]	[]	[]	[14.36,23.93,622.25,395.37]	[]	[]	[]
dataset/000000385119.jpg	[]	[]	[]	[]	[]	[]	[]	[284.32,71.8,192.42,235.49;194.09,130.69,124.04,159.31;179.61,189.58,92.31,85.94]	[]	[]	[]
dataset/000000434270.jpg	[424.32,264.28,106.57,215.72;52.54,332.9,58.31,147.1;501.17,272.79,45.3,52.14;493.25,280.06,21.83,56.93;574.75,311.65,30.79,129.46;565.1,276.06,37.47,73.44;591.63,277.0,22.62,57.92;605.78,244.55,34.22,46.77;529.46,323.75,34.69,89.21;537.89,283.51,22.19,50.03;556.41,273.85,18.99,39.04;604.71,274.64,35.05,67.41;551.1,258.28,17.25,30.0;1,279,554,171]	[]	[]	[]	[]	[]	[]	[166.11,175.89,234.07,297.71]	[]	[]	[]
dataset/000000368738.jpg	[478.43,77.35,153.75,340.92;401.34,183.97,13.27,27.47;250.55,185.28,38.38,73.18;294.8,173.67,30.36,55.34;615.64,195.01,9.95,33.37]	[]	[]	[]	[]	[]	[]	[49.55,64.79,218.19,235.34]	[]	[]	[]
dataset/000000147556.jpg	[289.56,88.07,94.72,171.17;1,310.43,109.28,329.57;187.39,342.34,80.72,286.85;128.0,181.21,99.24,129.44;0.7,305.95,26.48,74.03]	[]	[]	[]	[]	[]	[]	[179.78,231.55,286.2,401.26;71.75,264.51,152.11,347.27]	[]	[]	[]
dataset/000000573544.jpg	[]	[]	[]	[]	[]	[]	[]	[1,1,543.64,480.0]	[]	[]	[]
dataset/000000499826.jpg	[81.44,160.53,120.27,290.93;442.21,278.71,25.04,85.6]	[]	[]	[]	[]	[]	[]	[103.83,87.55,184.26,281.98;407.19,1,232.81,446.89;266.71,57.01,177.13,365.45;234.78,175.0,47.94,99.98]	[]	[]	[]
dataset/000000122996.jpg	[]	[]	[]	[]	[]	[]	[]	[116.25,31.22,367.06,447.78;2.15,1.07,137.47,472.56]	[]	[]	[]
dataset/000000122998.jpg	[170.98,91.49,113.86,148.03]	[]	[]	[]	[]	[]	[]	[132.02,196.52,209.5,311.39]	[]	[]	[]
dataset/000000041082.jpg	[]	[]	[]	[]	[]	[]	[]	[94.71,97.94,511.21,366.99;1,0.73,442.99,320.0]	[]	[]	[]
dataset/000000155776.jpg	[1,11.96,58.25,265.86;44.94,11.26,36.26,156.29]	[]	[]	[]	[]	[]	[]	[262.57,0.96,377.43,421.27;130.72,59.94,36.38,168.04;369.44,133.33,113.02,132.9;1,1.67,280.88,341.06]	[]	[]	[]
dataset/000000483458.jpg	[446.49,191.09,18.42,12.95;468.66,192.61,13.88,12.11;326.79,185.0,16.91,9.07]	[]	[]	[]	[]	[]	[]	[93.77,177.31,248.37,157.98]	[]	[]	[]
dataset/000000409731.jpg	[53.12,30.79,100.43,121.18;402.55,332.83,34.51,28.54;373.57,315.04,38.24,45.58;247.61,20.06,103.38,199.26;572.56,189.59,26.95,29.53;434.34,193.22,24.17,24.48;539.16,173.42,26.67,30.4;501.45,301.39,58.97,61.03;186.95,308.36,72.27,52.04;260.18,307.4,52.04,55.89;12.2,66.0,17.32,23.22;611.41,185.75,15.79,32.59;498.2,182.13,26.98,34.69;305,151,334,219]	[]	[]	[]	[]	[]	[]	[30.08,63.92,488.82,290.79;10.79,129.56,55.61,226.58;13.08,111.18,41.14,34.95]	[]	[]	[]
dataset/000000344197.jpg	[]	[223.93,198.41,11.7,4.28;228.52,195.29,5.04,3.42;287.12,186.53,3.39,2.39;41.88,274.57,9.83,7.82;43.26,274.61,11.33,8.24;206.65,237.0,16.15,11.74;239.74,192.85,6.2,5.16;225.96,244.92,13.84,8.87;141.86,165.66,6.27,4.57;39,181,260,115]	[]	[]	[]	[]	[]	[15.54,291.87,99.97,57.44;322.74,293.73,58.64,47.41;292.27,266.64,82.67,65.37;371.8,227.09,245.09,164.72;255.57,313.6,52.59,72.48;145.87,246.86,133.4,154.59;266.76,250.23,31.95,55.86]	[]	[]	[]
dataset/000000016518.jpg	[]	[]	[]	[]	[]	[]	[]	[1,119.94,293.62,238.93;207.04,129.3,319.19,236.85;0.96,1,284.03,168.72;436.94,0.02,203.06,243.16]	[]	[]	[]
dataset/000000385157.jpg	[]	[]	[]	[]	[]	[]	[]	[203.63,197.28,204.36,392.93;10.04,1,335.79,589.7]	[]	[]	[]
dataset/000000188552.jpg	[105.08,74.6,57.31,107.95;306.47,125.24,43.61,55.0;412.89,137.84,37.56,64.63;518.51,130.72,38.41,40.18;210.85,166.24,27.53,36.9;271.32,167.76,18.5,22.33;252.83,188.2,7.51,11.12]	[]	[]	[]	[]	[]	[]	[244.14,176.48,134.03,191.48;26.14,171.06,172.35,242.06;370.64,188.28,106.99,168.12;492.1,168.61,101.57,170.23;198.41,192.64,55.21,100.73]	[]	[]	[]
dataset/000000221328.jpg	[177.4,196.6,66.2,192.33;154.4,195.44,33.62,65.02;309.27,188.19,77.37,235.87;558.51,176.21,62.64,199.72;387.44,103.78,69.0,156.37;124.06,123.1,365.45,191.38;613.8,176.35,26.2,153.79]	[]	[]	[]	[]	[]	[]	[2.88,1.02,387.66,392.46]	[]	[]	[]
dataset/000000303257.jpg	[]	[]	[]	[]	[]	[]	[]	[66.21,15.24,476.9,374.23;1,62.0,65.44,113.52;0.53,156.22,80.34,99.41;572.85,0.96,66.21,155.45;26.93,1.44,239.46,176.96;265.2,0.64,217.33,72.76;1,0.5,50.47,80.4]	[]	[]	[]
dataset/000000286874.jpg	[]	[]	[]	[]	[]	[]	[]	[128.65,128.11,336.21,277.84]	[]	[]	[]
dataset/000000532644.jpg	[184.37,164.97,199.0,314.81;565.15,232.69,74.85,185.04;602.91,376.3,37.09,59.65]	[]	[]	[]	[]	[]	[]	[1.08,84.3,514.44,353.01;456.82,128.72,183.18,209.02]	[]	[]	[]
dataset/000000213158.jpg	[]	[]	[]	[]	[]	[]	[]	[179.03,9.57,355.2,410.73]	[]	[]	[]
dataset/000000450728.jpg	[56.74,127.77,10.91,29.18;196.98,49.51,44.78,78.35;181.24,126.98,31.33,104.41]	[]	[]	[]	[]	[]	[]	[166.01,94.26,114.33,136.21]	[]	[]	[]
dataset/000000270505.jpg	[552.02,231.42,7.08,20.82;162.68,219.7,6.8,23.8;1,180.08,14.34,17.14;152.38,217.32,9.61,15.93;176.53,224.2,12.18,23.68;293.17,42.42,76.41,85.65]	[]	[]	[]	[]	[]	[]	[196.71,116.11,290.74,278.27]	[]	[]	[]
dataset/000000139436.jpg	[]	[]	[]	[]	[]	[]	[]	[113.62,27.42,283.32,550.83]	[]	[]	[]
dataset/000000542720.jpg	[]	[]	[]	[]	[]	[]	[]	[]	[43.81,96.99,158.5,217.12]	[]	[]
dataset/000000362498.jpg	[]	[]	[]	[]	[]	[]	[]	[]	[77.64,88.3,202.3,163.31;374.8,3.52,265.03,295.56]	[]	[]
dataset/000000335874.jpg	[]	[]	[]	[]	[]	[]	[]	[]	[199.59,158.33,229.33,145.85]	[]	[]
dataset/000000172036.jpg	[]	[]	[]	[]	[]	[]	[]	[]	[130.21,76.0,282.18,302.37]	[]	[]
dataset/000000542725.jpg	[]	[]	[]	[]	[]	[]	[]	[]	[11.85,103.91,467.27,248.87]	[]	[]
dataset/000000204806.jpg	[]	[]	[]	[]	[]	[]	[]	[]	[186.74,187.84,182.11,100.48]	[]	[]
dataset/000000307209.jpg	[]	[]	[]	[]	[]	[]	[]	[]	[141.1,187.93,129.11,186.76]	[]	[]
dataset/000000075786.jpg	[]	[]	[]	[]	[]	[]	[]	[]	[313.26,136.63,235.19,205.31]	[]	[]
dataset/000000344075.jpg	[]	[]	[]	[]	[]	[]	[]	[]	[36.46,111.01,361.75,277.31]	[]	[]
dataset/000000110606.jpg	[]	[]	[]	[]	[]	[]	[]	[]	[67.75,165.05,314.23,456.93]	[]	[]
dataset/000000075791.jpg	[]	[]	[]	[]	[]	[]	[]	[]	[1,119.9,451.94,307.1;256.2,43.02,382.86,379.02]	[]	[]
dataset/000000139281.jpg	[]	[]	[]	[]	[]	[]	[]	[]	[1,2.4,546.25,373.15]	[]	[]
dataset/000000120850.jpg	[]	[]	[]	[]	[]	[]	[]	[]	[52.93,60.25,422.21,476.38]	[]	[]
dataset/000000534548.jpg	[]	[]	[]	[]	[]	[]	[]	[]	[267.58,26.61,300.79,386.19;34.44,282.62,228.16,350.13]	[]	[]
dataset/000000354326.jpg	[]	[]	[]	[]	[]	[]	[]	[]	[104.82,15.15,505.81,404.84;542.27,160.11,97.73,265.89]	[]	[]
dataset/000000405527.jpg	[]	[]	[]	[]	[]	[]	[]	[]	[110.61,130.64,282.77,169.28]	[]	[]
dataset/000000286745.jpg	[]	[]	[]	[]	[]	[]	[]	[]	[1,30.27,480.0,602.52;63.28,343.29,416.72,287.64]	[]	[]
dataset/000000462875.jpg	[]	[]	[]	[]	[]	[]	[]	[]	[180.7,94.75,299.19,290.28]	[]	[]
dataset/000000145439.jpg	[]	[352.56,275.53,78.26,65.89]	[]	[]	[]	[]	[]	[]	[227.86,110.05,128.29,213.5]	[]	[]
dataset/000000325664.jpg	[]	[]	[]	[]	[]	[]	[]	[]	[70.84,29.74,327.4,382.92]	[]	[]
dataset/000000251936.jpg	[]	[]	[]	[]	[]	[]	[]	[]	[51.89,38.2,315.68,480.0]	[]	[]
dataset/000000274463.jpg	[]	[]	[]	[]	[]	[]	[]	[]	[144.23,85.02,360.06,218.27]	[]	[]
dataset/000000049184.jpg	[]	[]	[]	[]	[]	[]	[]	[]	[288.82,49.29,341.68,192.9]	[]	[]
dataset/000000487461.jpg	[]	[]	[]	[]	[]	[]	[]	[]	[211.94,98.67,222.61,239.55]	[]	[]
dataset/000000219174.jpg	[]	[]	[]	[]	[]	[]	[]	[]	[20.12,134.97,460.93,291.25]	[]	[]
dataset/000000337962.jpg	[]	[]	[]	[]	[]	[]	[]	[]	[319.05,230.3,201.16,125.73]	[]	[]
dataset/000000286764.jpg	[]	[]	[]	[]	[]	[]	[]	[]	[38.76,0.7,233.43,192.98]	[]	[]
dataset/000000182316.jpg	[]	[]	[]	[]	[]	[]	[]	[]	[71.84,262.41,146.27,92.42]	[]	[]
dataset/000000409646.jpg	[]	[]	[]	[]	[]	[]	[]	[]	[210.3,175.07,149.91,127.26]	[]	[]
dataset/000000065582.jpg	[]	[]	[]	[]	[]	[]	[]	[]	[170.14,114.05,103.14,127.61]	[]	[]
dataset/000000522285.jpg	[]	[]	[]	[]	[]	[]	[]	[]	[114.8,154.02,219.55,408.97]	[]	[]
dataset/000000380983.jpg	[]	[]	[]	[]	[]	[]	[]	[]	[69.03,34.08,230.12,303.46;140.34,94.82,440.87,530.48]	[]	[]
dataset/000000352312.jpg	[]	[]	[]	[]	[]	[]	[]	[]	[156.38,305.7,156.72,154.13;414.28,30.93,193.11,212.99]	[]	[]
dataset/000000122936.jpg	[]	[]	[]	[]	[]	[]	[]	[]	[184.27,140.16,285.88,258.12]	[]	[]
dataset/000000219196.jpg	[]	[]	[]	[]	[]	[]	[]	[]	[232.99,17.02,185.53,136.63;147.76,471.05,92.34,104.54;223.0,458.09,97.78,130.5]	[]	[]
dataset/000000100417.jpg	[]	[]	[]	[]	[]	[]	[]	[]	[24.95,54.69,466.34,348.32]	[]	[]
dataset/000000313412.jpg	[]	[]	[]	[]	[]	[]	[]	[]	[376.74,253.54,70.33,122.06]	[]	[]
dataset/000000573509.jpg	[]	[]	[]	[]	[]	[]	[]	[]	[1.44,1.53,614.11,606.93]	[]	[]
dataset/000000059462.jpg	[]	[]	[]	[]	[]	[]	[]	[]	[1.08,215.61,563.94,133.45]	[]	[]
dataset/000000061515.jpg	[]	[]	[]	[]	[]	[]	[]	[]	[209.32,224.29,112.54,101.17;333.14,294.64,112.54,108.36]	[]	[]
dataset/000000202827.jpg	[]	[]	[]	[]	[]	[]	[]	[287.82,39.37,136.19,71.27]	[0.96,38.36,225.92,381.96]	[]	[]
dataset/000000149583.jpg	[]	[]	[]	[]	[]	[]	[]	[]	[167.92,98.11,270.59,244.69]	[]	[]
dataset/000000206927.jpg	[]	[]	[]	[]	[]	[]	[]	[]	[215.44,107.72,246.22,251.99]	[]	[]
dataset/000000434264.jpg	[]	[]	[]	[]	[]	[]	[]	[]	[252.35,113.06,371.3,319.05;1.99,90.38,352.58,342.65]	[]	[]
dataset/000000106585.jpg	[]	[]	[]	[]	[]	[]	[]	[]	[181.39,212.28,261.08,248.29;12.72,43.89,271.86,275.8]	[]	[]
dataset/000000469082.jpg	[357.46,107.62,35.87,37.42;236.3,79.46,19.34,31.61;198.42,77.97,26.85,28.63;13.52,72.06,16.21,48.93;297.91,108.79,18.07,13.22;216.06,77.89,21.31,33.36;317.79,114.29,28.01,31.05;356.94,97.62,26.97,37.1;375.76,94.1,21.68,18.07;385.22,106.6,23.78,52.64;325.16,107.22,10.32,21.07;266.46,100.4,28.18,21.14;311.92,103.07,15.81,23.61;246,96,123,39]	[]	[]	[]	[]	[]	[]	[]	[213.76,296.08,70.88,153.14]	[]	[]
dataset/000000239706.jpg	[]	[]	[]	[]	[]	[]	[]	[]	[95.35,13.81,544.65,459.42]	[]	[]
dataset/000000143449.jpg	[]	[]	[]	[]	[]	[]	[]	[]	[98.66,113.08,423.64,449.26]	[]	[]
dataset/000000499716.jpg	[]	[]	[]	[]	[]	[]	[]	[]	[]	[81.13,61.63,163.22,172.42;84.02,21.0,290.82,336.07;360.53,110.36,183.73,222.54]	[]
dataset/000000057350.jpg	[]	[]	[]	[]	[]	[]	[]	[]	[]	[366.74,184.27,198.47,148.85;187.58,181.43,172.49,148.97;50.91,176.86,210.86,166.99;558.83,199.98,81.17,138.17]	[75.89,142.24,127.45,155.85;556.58,0.9,36.68,62.56;422.1,1,52.07,57.9]
dataset/000000057357.jpg	[]	[]	[]	[]	[]	[]	[]	[]	[]	[1.68,1.68,391.82,367.43]	[]
dataset/000000327695.jpg	[600.0,394.05,38.92,81.09]	[]	[]	[]	[]	[]	[]	[]	[]	[456.45,295.61,29.65,15.77;374.37,288.39,22.52,16.35]	[3.62,157.54,85.13,161.64;297.36,213.57,59.26,94.02;1.21,217.47,24.24,98.19;21.01,235.62,28.41,74.66]
dataset/000000204821.jpg	[]	[]	[]	[]	[]	[]	[]	[]	[]	[228.72,45.3,321.08,431.68;23.73,25.89,211.42,377.53]	[]
dataset/000000098328.jpg	[]	[]	[]	[]	[]	[]	[]	[]	[]	[58.25,87.04,456.27,358.11;303.1,50.7,244.86,426.06]	[]
dataset/000000213023.jpg	[]	[]	[]	[]	[]	[]	[]	[]	[]	[134.2,98.71,381.53,253.98]	[]
dataset/000000000034.jpg	[]	[]	[]	[]	[]	[]	[]	[]	[]	[0.96,20.06,441.23,379.15]	[]
dataset/000000090146.jpg	[579.94,0.47,59.07,99.63;430.57,1,24.25,56.16]	[]	[]	[]	[]	[]	[]	[]	[]	[300.67,86.11,229.8,220.13;262.91,65.49,199.26,210.65;394.11,121.22,166.54,154.51]	[]
dataset/000000376875.jpg	[]	[]	[]	[]	[]	[]	[]	[]	[]	[250.91,195.77,82.47,51.76;483.22,225.61,99.87,56.91;188.41,224.74,89.81,49.44;68.06,250.78,84.89,46.44]	[]
dataset/000000417844.jpg	[]	[]	[]	[]	[]	[]	[]	[]	[]	[297.44,16.59,153.17,420.64;418.45,12.12,191.25,458.83]	[]
dataset/000000557114.jpg	[]	[]	[]	[]	[]	[]	[]	[]	[]	[229.8,164.4,279.19,205.1]	[]
dataset/000000188479.jpg	[]	[]	[]	[]	[]	[]	[]	[]	[]	[66.15,102.79,227.76,224.01]	[]
dataset/000000360512.jpg	[]	[]	[]	[]	[]	[]	[]	[]	[]	[128.0,183.67,100.0,139.0;228.7,149.47,287.57,254.39;218.78,180.1,166.0,138.18;386.13,192.82,160.07,132.29]	[]
dataset/000000286785.jpg	[30.22,470.05,395.78,169.95]	[]	[]	[]	[]	[]	[]	[]	[]	[102.57,3.97,323.43,530.21]	[]
dataset/000000122947.jpg	[]	[]	[]	[]	[]	[]	[]	[]	[]	[69.03,157.48,220.05,314.97]	[]
dataset/000000065604.jpg	[236.24,249.84,166.44,224.43]	[]	[]	[]	[]	[]	[]	[]	[]	[306.06,178.28,193.37,208.0]	[]
dataset/000000229456.jpg	[]	[]	[]	[]	[]	[]	[]	[]	[]	[63.63,37.75,531.69,443.25;47.45,45.3,420.61,435.7]	[]
dataset/000000254033.jpg	[]	[]	[]	[]	[]	[]	[]	[]	[]	[51.78,1.62,247.55,354.34;375.34,0.77,61.34,251.84]	[]
dataset/000000540760.jpg	[]	[]	[]	[]	[]	[]	[]	[]	[]	[0.96,28.72,372.39,391.54;345.22,190.16,230.79,150.01]	[]
dataset/000000426075.jpg	[]	[]	[]	[]	[]	[]	[]	[]	[]	[83.63,114.05,295.26,286.38;107.09,66.51,448.12,335.19]	[]
dataset/000000491611.jpg	[]	[]	[]	[]	[]	[]	[]	[]	[]	[46.42,144.17,310.51,226.95;265.82,120.74,353.74,253.55]	[]
dataset/000000155743.jpg	[]	[]	[]	[]	[]	[]	[]	[]	[]	[194.5,97.58,376.7,218.33]	[]
dataset/000000008290.jpg	[]	[]	[]	[]	[]	[]	[]	[]	[]	[190.77,191.96,265.44,130.4]	[]
dataset/000000073830.jpg	[]	[]	[]	[]	[]	[]	[]	[]	[]	[330.34,148.68,58.4,52.75]	[164.63,40.41,231.98,288.1;52.54,117.17,82.07,99.78;35.13,92.44,78.83,82.87;175.62,174.85,44.42,118.27;315.47,137.93,49.23,44.02]
dataset/000000426087.jpg	[]	[]	[]	[]	[]	[]	[]	[]	[]	[269.96,169.68,149.34,167.53;97.21,164.96,207.76,183.94;508.83,207.03,59.58,175.84]	[]
dataset/000000188520.jpg	[]	[]	[]	[]	[]	[]	[]	[]	[]	[184.45,34.52,428.22,440.09]	[212.02,1.2,94.71,58.12]
dataset/000000483442.jpg	[]	[463.97,99.03,8.96,5.54;544.14,145.41,20.8,15.64;586.11,133.48,4.86,6.68;579.93,149.81,3.26,0.96;618.41,140.45,8.2,14.67;626.34,145.1,12.15,7.54;508.25,143.28,19.56,12.59;474.19,134.91,17.06,24.39;467.02,145.29,12.95,10.28;511.29,100.24,16.95,9.53;496.08,102.25,14.47,7.79;481.52,104.24,10.26,4.91;557.47,55.72,10.86,7.85;1,66,637,102]	[]	[]	[]	[]	[]	[]	[]	[361.35,108.53,101.72,57.3;248.84,113.13,102.43,54.59;169.73,108.78,61.01,64.63;94.86,94.76,63.07,72.98;254.83,106.18,34.59,58.25]	[]
dataset/000000008320.jpg	[]	[]	[]	[]	[]	[]	[]	[]	[]	[227.39,136.28,117.38,224.46;451.84,36.39,172.9,384.02]	[]
dataset/000000303233.jpg	[]	[]	[]	[]	[]	[]	[]	[]	[]	[79.75,321.32,200.95,155.88;146.58,392.1,72.78,104.05;0.51,445.52,183.6,107.36;0.99,418.76,133.87,69.83;0.24,381.18,46.67,92.52;1,362.01,93.15,77.06;35.59,487.8,201.82,93.46;120.35,477.49,223.27,119.77;253.17,486.74,175.59,59.24;281.34,428.45,152.4,71.07;275.84,557.62,116.58,82.38;132.09,542.5,347.91,97.06;184.02,394.37,20.75,10.68;1,303,478,336]	[]
dataset/000000098437.jpg	[]	[]	[]	[]	[]	[]	[]	[]	[]	[385.5,9.77,250.2,463.89;112.43,0.54,303.79,474.6;109.53,228.83,37.58,156.78]	[]
dataset/000000090245.jpg	[]	[]	[]	[]	[]	[]	[]	[]	[]	[115.25,101.48,472.73,344.68]	[]
dataset/000000180363.jpg	[]	[]	[]	[]	[]	[]	[]	[]	[]	[43.63,83.81,289.33,228.49;393.04,106.01,212.61,278.93]	[]
dataset/000000475275.jpg	[]	[]	[]	[]	[]	[]	[]	[]	[]	[193.76,165.17,143.47,104.1]	[]
dataset/000000262285.jpg	[]	[]	[]	[]	[]	[]	[]	[]	[]	[245.85,138.88,44.98,57.22;214.54,143.01,21.64,50.5;179.46,140.7,44.96,52.92;158.96,147.38,22.91,43.57;136.48,129.72,25.98,58.66;328.62,138.43,70.83,65.22;161.71,99.07,10.62,16.9;122.41,101.34,18.12,20.28;232.52,144.79,39.96,49.81;133.77,100.12,14.77,13.65;221.69,97.4,8.54,17.21;197.2,94.5,13.6,19.04;257.37,95.86,8.44,13.8;158,137,28,17]	[]
dataset/000000090257.jpg	[]	[]	[]	[]	[]	[]	[]	[]	[]	[301.0,184.47,109.43,60.98]	[]
dataset/000000532631.jpg	[]	[]	[]	[]	[]	[]	[]	[]	[]	[365.66,151.89,79.71,44.24;221.26,156.57,72.12,40.69;54.33,147.92,70.41,52.48]	[]
dataset/000000401561.jpg	[]	[]	[]	[]	[]	[]	[]	[]	[]	[144.0,215.91,25.97,50.62;234.41,194.03,49.18,67.24]	[293.47,85.72,59.12,187.2;23.08,85.85,90.27,181.02]
dataset/000000417946.jpg	[]	[]	[]	[]	[]	[]	[]	[]	[]	[128.87,143.78,298.13,174.07]	[]
dataset/000000000154.jpg	[]	[]	[]	[]	[]	[]	[]	[]	[]	[11.98,315.59,349.08,324.41;40.46,192.98,273.62,139.17;239.46,93.63,99.19,63.73]	[]
dataset/000000123036.jpg	[]	[]	[]	[]	[]	[]	[]	[]	[]	[130.77,203.98,280.12,236.25;83.36,25.3,137.27,236.44;28.16,58.68,118.28,196.85;325.73,37.84,229.52,250.56;498.63,191.8,117.21,221.5;258.31,32.83,184.07,182.75;306.76,213.35,155.69,198.36]	[]
dataset/000000557220.jpg	[]	[]	[]	[]	[]	[]	[]	[]	[]	[2.16,102.16,420.54,371.89;1,26.69,580.32,453.31]	[]
dataset/000000270502.jpg	[]	[]	[]	[]	[]	[]	[]	[]	[]	[37.0,101.18,296.8,151.34;301.47,128.26,137.56,128.02]	[]
dataset/000000516263.jpg	[]	[]	[]	[]	[]	[]	[]	[]	[]	[2.9,1.69,363.27,422.2;317.14,1,321.97,428.0]	[]
dataset/000000442536.jpg	[]	[]	[]	[]	[]	[]	[]	[]	[]	[182.68,191.07,119.42,95.82;291.42,177.92,129.86,98.16]	[]
dataset/000000475304.jpg	[]	[]	[]	[]	[]	[]	[]	[]	[]	[271.06,184.48,218.21,145.66;322.23,177.48,219.78,129.19;253.9,183.25,137.98,117.01]	[1,1,90.38,228.17]
dataset/000000360617.jpg	[]	[]	[]	[]	[]	[]	[]	[]	[]	[416.44,139.37,154.49,143.94;289.07,147.52,171.46,136.34;112.66,147.07,131.72,119.12;255.63,154.76,40.47,39.65]	[]
dataset/000000540843.jpg	[]	[]	[]	[]	[]	[]	[]	[]	[]	[56.74,53.61,492.35,362.53;0.96,5.74,439.4,333.15]	[]
dataset/000000057345.jpg	[]	[]	[]	[]	[]	[]	[]	[]	[]	[]	[3.26,17.4,636.27,461.16;233.85,20.29,205.55,168.17]
dataset/000000507908.jpg	[]	[]	[]	[]	[]	[]	[]	[]	[]	[]	[104.99,96.36,202.79,241.62;113.87,361.08,171.54,270.99;294.04,252.3,114.96,387.7]
dataset/000000122899.jpg	[118.2,366.85,201.45,272.83;75.4,394.33,95.57,244.67]	[]	[]	[]	[]	[]	[]	[]	[]	[]	[230.16,234.71,175.08,232.45;426.0,250.92,54.0,104.09]
dataset/000000540694.jpg	[]	[]	[]	[]	[]	[]	[]	[]	[]	[]	[152.04,27.55,250.08,451.9]
dataset/000000098326.jpg	[]	[]	[]	[]	[]	[]	[]	[]	[]	[]	[144.3,218.89,335.59,297.95]
dataset/000000327702.jpg	[21.52,129.15,370.23,347.41]	[]	[]	[]	[]	[]	[]	[]	[]	[]	[373.21,108.76,266.43,334.39;260.06,150.72,46.4,75.33]
dataset/000000000025.jpg	[]	[]	[]	[]	[]	[]	[]	[]	[]	[]	[385.53,60.03,214.97,297.16;53.01,356.49,132.03,55.19]
dataset/000000376858.jpg	[]	[]	[]	[]	[]	[]	[]	[]	[]	[]	[122.35,155.32,228.32,339.37]
dataset/000000065564.jpg	[]	[]	[]	[]	[]	[]	[]	[]	[]	[]	[1,123.32,439.42,298.04;160.42,305.28,410.86,121.72]
dataset/000000319521.jpg	[459.16,162.4,180.84,292.31;347.11,165.06,20.17,56.7;384.55,150.34,22.95,69.3;406.0,150.38,28.37,66.93;115.07,37.55,104.16,271.32;471.19,141.63,28.52,73.61;440.92,142.24,24.86,78.63]	[]	[]	[]	[]	[]	[]	[]	[]	[]	[217.05,175.56,36.74,136.36]
dataset/000000196650.jpg	[]	[]	[]	[]	[]	[]	[]	[]	[]	[]	[190.2,130.61,141.29,228.59]
dataset/000000524331.jpg	[]	[]	[]	[]	[]	[]	[]	[]	[]	[]	[155.79,106.0,105.37,403.7]
dataset/000000368686.jpg	[362.57,3.37,276.01,417.38;429.89,138.94,113.11,97.58]	[]	[]	[]	[]	[]	[]	[]	[]	[]	[57.44,140.74,342.75,280.52;0.81,66.16,38.17,89.8]
dataset/000000180271.jpg	[]	[]	[]	[]	[]	[]	[]	[]	[]	[]	[416.16,120.33,142.26,398.87;195.89,136.33,221.04,393.11;213.41,218.98,88.14,303.47]
dataset/000000352305.jpg	[]	[]	[]	[]	[]	[]	[]	[]	[]	[]	[363.7,150.26,63.52,64.98;175.38,115.34,41.7,98.85;85.26,138.02,47.8,58.91;388.94,191.01,66.52,28.78;434.31,185.61,15.13,9.67]
dataset/000000548915.jpg	[531.53,229.72,53.45,94.47;596.35,231.57,28.89,67.21;583.19,274.93,20.77,42.41]	[]	[]	[]	[]	[]	[]	[]	[]	[]	[97.64,123.33,118.71,252.73]
dataset/000000385075.jpg	[259.1,613.24,15.96,13.81]	[]	[]	[]	[]	[]	[]	[]	[]	[]	[152.45,99.0,234.43,535.01;84.85,48.21,109.83,591.79]
dataset/000000254003.jpg	[]	[]	[]	[]	[]	[]	[]	[]	[]	[]	[185.29,178.29,314.71,151.54;1.55,23.26,290.73,319.41]
dataset/000000180281.jpg	[]	[]	[]	[]	[]	[]	[]	[]	[]	[]	[89.45,101.19,259.85,198.68]
dataset/000000139336.jpg	[611.68,181.41,11.88,13.42;404.35,183.91,7.64,10.66]	[]	[]	[]	[]	[]	[]	[]	[]	[]	[261.91,165.6,150.31,126.98;92.47,123.17,36.25,87.51;322.94,152.99,68.2,37.85]
dataset/000000000072.jpg	[]	[]	[]	[]	[]	[]	[]	[]	[]	[]	[136.63,129.44,289.08,499.05;50.45,72.07,233.51,567.93]
dataset/000000286794.jpg	[]	[]	[]	[]	[]	[]	[]	[]	[]	[]	[270.99,196.22,57.99,52.57]
dataset/000000139344.jpg	[]	[]	[]	[]	[]	[]	[]	[]	[]	[]	[255.24,185.61,74.67,232.75;489.86,273.02,12.85,69.32]
dataset/000000524369.jpg	[]	[]	[]	[]	[]	[]	[]	[]	[]	[]	[104.75,81.79,238.21,518.03;273.26,54.65,135.19,549.39]
dataset/000000327770.jpg	[]	[]	[]	[]	[]	[]	[]	[]	[]	[]	[70.47,38.59,225.8,601.41;133.75,273.26,281.89,358.11]
dataset/000000065628.jpg	[]	[]	[]	[]	[]	[]	[]	[]	[]	[]	[41.71,73.35,394.07,522.07]
dataset/000000188514.jpg	[]	[]	[]	[]	[]	[]	[]	[]	[]	[]	[276.71,22.44,151.29,473.95;1,67.53,305.19,403.9]
dataset/000000122987.jpg	[]	[]	[]	[]	[]	[]	[]	[]	[]	[]	[53.91,154.64,181.16,251.24;185.46,48.97,278.2,354.76]
dataset/000000008300.jpg	[]	[]	[]	[]	[]	[]	[]	[]	[]	[]	[247.2,151.27,309.96,268.12;434.51,310.91,181.6,114.09;7.67,178.2,337.7,240.8;1,100.69,349.81,324.31]
dataset/000000344174.jpg	[]	[]	[]	[]	[]	[]	[]	[]	[]	[]	[83.17,184.01,184.06,280.71;151.01,188.84,77.66,283.68]
dataset/000000180335.jpg	[1,538.54,43.05,101.46;1.07,470.43,68.71,72.11;416.46,481.58,11.54,43.63;98.02,510.99,129.73,122.52;363.42,479.81,64.58,160.19;320.67,497.64,47.73,142.13]	[]	[]	[]	[]	[]	[]	[]	[]	[]	[83.42,322.16,209.97,294.83;200.19,257.68,201.66,382.32]
dataset/000000548979.jpg	[]	[]	[]	[]	[]	[]	[]	[]	[]	[]	[73.35,153.65,270.38,473.17]
dataset/000000114815.jpg	[510.15,409.36,16.05,17.52;623.92,400.43,11.41,26.57;422.08,404.36,12.16,15.74]	[]	[]	[]	[]	[]	[]	[]	[]	[]	[151.61,150.65,407.81,273.47;0.96,262.92,195.75,157.36]
dataset/000000303232.jpg	[]	[]	[]	[]	[]	[]	[]	[]	[]	[]	[130.34,209.11,92.45,143.72;294.79,253.75,17.05,58.66;432.27,275.9,15.15,59.58;451.11,282.75,35.28,53.27;28.28,238.84,92.59,100.85]
dataset/000000123008.jpg	[]	[]	[]	[]	[]	[]	[]	[]	[]	[]	[186.61,118.65,306.33,355.96;97.08,118.65,112.18,355.96]
dataset/000000204930.jpg	[]	[]	[]	[]	[]	[]	[]	[]	[]	[]	[129.44,115.06,197.03,457.34]
dataset/000000000136.jpg	[0.84,114.71,53.54,257.7;1,61.35,68.92,312.65]	[]	[]	[]	[]	[]	[]	[]	[]	[]	[82.0,116.38,185.74,252.68;316.72,131.83,128.04,164.25]
dataset/000000499852.jpg	[]	[]	[]	[]	[]	[]	[]	[]	[]	[]	[28.78,91.21,418.17,255.64]
dataset/000000491662.jpg	[]	[]	[]	[]	[]	[]	[]	[]	[]	[]	[245.64,180.34,113.22,219.32]
dataset/000000000144.jpg	[]	[]	[]	[]	[]	[]	[]	[]	[]	[]	[232.99,121.71,366.74,358.29;193.33,131.89,300.66,348.11;48.54,79.82,393.71,400.18]
dataset/000000237721.jpg	[]	[]	[]	[]	[]	[]	[]	[]	[]	[]	[35.6,117.57,519.91,357.04;143.46,68.03,415.28,400.18;79.82,1,66.88,125.12;154.0,1,52.38,81.1]
dataset/000000295068.jpg	[]	[]	[]	[]	[]	[]	[]	[]	[]	[]	[75.17,143.42,354.79,299.67;1,177.05,147.67,243.87;79.55,170.14,79.89,116.09;560.76,278.87,79.24,169.13;249.92,143.83,88.93,108.47;171.36,241.81,45.76,49.22;430.97,128.65,70.85,100.01;473.47,142.89,94.18,106.34;203.82,173.05,204.83,265.36;578.37,252.44,61.63,34.47]
dataset/000000450719.jpg	[]	[]	[]	[]	[]	[]	[]	[]	[]	[]	[64.76,1,468.89,286.38]
dataset/000000147615.jpg	[]	[]	[]	[]	[]	[]	[]	[]	[]	[]	[172.75,54.63,96.91,225.0;268.22,165.19,86.1,78.53;130.42,256.11,116.13,78.27]
dataset/000000483487.jpg	[]	[]	[]	[]	[]	[]	[]	[]	[]	[]	[346.25,32.36,286.92,415.28;33.88,206.27,138.05,220.05]
dataset/000000540838.jpg	[]	[]	[]	[]	[]	[]	[]	[]	[]	[]	[297.97,74.93,141.86,259.07]
dataset/000000073899.jpg	[]	[]	[]	[]	[]	[]	[]	[]	[]	[]	[196.3,51.46,385.93,366.87;4.25,125.87,179.73,299.13]
dataset/000000114863.jpg	[]	[]	[]	[]	[]	[]	[]	[]	[]	[]	[93.39,116.85,215.04,489.89]
